time,open,high,low,close,volume
1785815100,24666.65,24666.65,24600.2,24602.45,0
1785815160,24605.1,24605.55,24591.3,24600.95,0
1785815220,24603.4,24608.2,24595.15,24595.15,0
1785815280,24597.15,24611.1,24594.15,24601.75,0
1785815340,24602.9,24605.1,24598.7,24598.95,0
1785815400,24599.8,24615.1,24599.8,24614.4,0
1785815460,24615.05,24617.1,24609.7,24612.35,0
1785815520,24614.2,24624.5,24610.75,24621.95,0
1785815580,24623.9,24626.45,24619.05,24621.65,0
1785815640,24622.4,24622.4,24615.6,24616.2,0
1785815700,24615.85,24618.45,24606.55,24607.5,0
1785815760,24609.35,24609.35,24600.8,24601.5,0
1785815820,24603.9,24604.9,24598.2,24598.65,0
1785815880,24601.75,24601.75,24595.6,24597.5,0
1785815940,24599.2,24602.4,24596.45,24597.6,0
1785816000,24598.5,24601.4,24597.0,24599.55,0
1785816060,24601.75,24606.4,24599.25,24599.95,0
1785816120,24600.65,24602.25,24593.25,24593.95,0
1785816180,24595.7,24597.4,24590.1,24596.3,0
1785816240,24597.75,24597.75,24589.8,24590.65,0
1785816300,24591.65,24595.05,24589.8,24593.15,0
1785816360,24593.6,24599.6,24590.6,24597.75,0
1785816420,24599.3,24600.35,24596.9,24598.9,0
1785816480,24599.35,24604.5,24597.15,24602.65,0
1785816540,24603.25,24606.2,24601.6,24604.65,0
1785816600,24606.0,24614.1,24604.6,24610.65,0
1785816660,24610.75,24613.05,24607.25,24612.75,0
1785816720,24613.1,24614.95,24611.0,24613.9,0
1785816780,24615.1,24626.4,24613.5,24622.9,0
1785816840,24624.7,24629.55,24621.65,24623.6,0
1785816900,24623.7,24627.25,24622.65,24622.95,0
1785816960,24626.3,24626.8,24621.85,24625.9,0
1785817020,24628.45,24632.35,24626.9,24630.7,0
1785817080,24632.0,24635.95,24630.2,24634.55,0
1785817140,24635.25,24635.4,24629.45,24635.15,0
1785817200,24635.8,24637.8,24632.7,24634.2,0
1785817260,24634.7,24647.2,24633.0,24646.5,0
1785817320,24646.75,24647.65,24636.4,24636.75,0
1785817380,24638.1,24638.15,24633.65,24634.9,0
1785817440,24636.95,24636.95,24631.3,24634.15,0
1785817500,24634.8,24638.8,24633.4,24638.05,0
1785817560,24639.6,24639.6,24634.7,24634.7,0
1785817620,24636.95,24636.95,24631.1,24631.5,0
1785817680,24632.1,24635.35,24628.75,24634.75,0
1785817740,24635.95,24636.85,24630.0,24631.55,0
1785817800,24633.8,24634.75,24629.7,24629.7,0
1785817860,24631.5,24633.1,24628.65,24630.05,0
1785817920,24631.55,24632.7,24628.85,24630.0,0
1785817980,24630.4,24631.8,24626.6,24627.5,0
1785818040,24628.7,24630.35,24625.35,24626.4,0
1785818100,24628.15,24629.35,24623.6,24627.7,0
1785818160,24629.4,24630.65,24626.7,24627.75,0
1785818220,24629.4,24629.4,24622.2,24623.35,0
1785818280,24625.55,24625.55,24617.75,24618.15,0
1785818340,24619.55,24619.95,24610.3,24611.4,0
1785818400,24613.95,24615.2,24610.8,24613.7,0
1785818460,24614.85,24615.35,24607.75,24609.2,0
1785818520,24611.6,24612.7,24607.45,24611.65,0
1785818580,24613.65,24616.7,24610.8,24616.6,0
1785818640,24618.55,24619.0,24615.4,24615.5,0
1785818700,24617.6,24617.6,24610.15,24611.55,0
1785818760,24612.1,24615.7,24610.45,24613.7,0
1785818820,24614.85,24619.75,24613.2,24619.0,0
1785818880,24620.4,24620.4,24616.45,24619.2,0
1785818940,24620.75,24620.75,24615.8,24616.2,0
1785819000,24617.55,24618.15,24609.45,24610.65,0
1785819060,24612.65,24612.65,24603.45,24605.0,0
1785819120,24606.65,24606.65,24600.25,24601.3,0
1785819180,24603.65,24603.65,24594.45,24594.7,0
1785819240,24597.8,24599.8,24593.55,24593.8,0
1785819300,24596.4,24596.4,24590.35,24593.2,0
1785819360,24596.0,24596.0,24589.1,24590.2,0
1785819420,24592.0,24594.95,24588.4,24592.6,0
1785819480,24594.9,24595.55,24591.45,24595.15,0
1785819540,24597.45,24598.1,24592.5,24592.8,0
1785819600,24594.15,24594.95,24588.45,24590.05,0
1785819660,24592.5,24592.5,24582.35,24585.35,0
1785819720,24587.85,24587.85,24582.45,24583.45,0
1785819780,24586.75,24586.75,24581.0,24583.65,0
1785819840,24584.4,24588.3,24582.35,24582.9,0
1785819900,24584.95,24584.95,24580.3,24582.05,0
1785819960,24583.05,24583.05,24579.1,24579.9,0
1785820020,24581.55,24582.9,24578.65,24581.9,0
1785820080,24583.85,24583.85,24579.75,24581.9,0
1785820140,24583.95,24586.25,24580.9,24581.95,0
1785820200,24584.0,24585.15,24580.1,24585.15,0
1785820260,24585.7,24587.6,24582.15,24586.35,0
1785820320,24588.55,24588.55,24583.6,24584.95,0
1785820380,24587.25,24587.25,24582.7,24583.15,0
1785820440,24586.05,24586.05,24581.25,24582.0,0
1785820500,24583.95,24583.95,24580.7,24581.7,0
1785820560,24584.15,24585.4,24579.95,24580.05,0
1785820620,24582.1,24582.1,24578.7,24580.9,0
1785820680,24582.0,24583.75,24579.65,24582.45,0
1785820740,24584.55,24585.55,24581.1,24583.5,0
1785820800,24586.35,24586.65,24582.75,24586.05,0
1785820860,24587.7,24587.7,24582.35,24585.95,0
1785820920,24587.95,24587.95,24583.25,24583.6,0
1785820980,24587.15,24588.9,24583.95,24585.6,0
1785821040,24585.2,24587.7,24580.95,24581.8,0
1785821100,24584.55,24584.55,24580.65,24582.1,0
1785821160,24583.8,24585.25,24570.45,24570.45,0
1785821220,24572.6,24574.65,24569.85,24571.15,0
1785821280,24574.15,24574.5,24569.05,24573.75,0
1785821340,24575.2,24579.0,24574.05,24575.4,0
1785821400,24577.95,24585.2,24576.15,24584.3,0
1785821460,24586.65,24590.55,24585.05,24590.25,0
1785821520,24592.05,24592.05,24586.65,24587.05,0
1785821580,24589.6,24589.6,24585.25,24585.9,0
1785821640,24587.55,24590.45,24584.95,24589.2,0
1785821700,24590.65,24590.65,24586.4,24588.65,0
1785821760,24590.8,24590.8,24584.0,24586.1,0
1785821820,24587.65,24592.65,24585.6,24592.3,0
1785821880,24591.95,24593.7,24590.25,24591.15,0
1785821940,24592.8,24592.8,24587.4,24587.9,0
1785822000,24590.1,24590.1,24585.95,24589.15,0
1785822060,24591.75,24591.75,24586.45,24587.9,0
1785822120,24589.75,24589.75,24585.75,24588.0,0
1785822180,24589.5,24592.45,24588.3,24588.7,0
1785822240,24591.1,24592.5,24588.05,24590.9,0
1785822300,24593.3,24593.3,24588.7,24590.9,0
1785822360,24593.05,24595.0,24588.85,24594.2,0
1785822420,24596.4,24596.45,24592.95,24595.05,0
1785822480,24596.5,24598.8,24594.7,24595.85,0
1785822540,24597.75,24597.75,24592.85,24593.35,0
1785822600,24595.45,24595.45,24588.3,24592.05,0
1785822660,24594.05,24594.05,24589.55,24592.1,0
1785822720,24594.1,24594.1,24590.0,24591.9,0
1785822780,24594.7,24594.7,24588.2,24588.8,0
1785822840,24589.95,24589.95,24585.5,24585.9,0
1785822900,24587.95,24588.8,24584.5,24586.5,0
1785822960,24589.15,24589.15,24585.6,24587.8,0
1785823020,24589.45,24589.45,24582.85,24583.0,0
1785823080,24585.45,24585.45,24575.6,24575.65,0
1785823140,24578.15,24579.45,24576.6,24577.05,0
1785823200,24579.55,24579.55,24575.7,24578.15,0
1785823260,24579.55,24579.55,24571.9,24571.9,0
1785823320,24574.4,24575.95,24571.2,24572.65,0
1785823380,24575.1,24575.5,24570.25,24572.6,0
1785823440,24571.75,24573.2,24568.5,24571.55,0
1785823500,24570.75,24571.65,24566.9,24570.85,0
1785823560,24569.35,24569.45,24564.25,24567.25,0
1785823620,24566.6,24567.45,24563.45,24564.0,0
1785823680,24565.55,24565.55,24560.15,24561.7,0
1785823740,24564.0,24572.55,24561.7,24570.6,0
1785823800,24571.05,24571.85,24554.2,24555.7,0
1785823860,24558.1,24561.9,24554.4,24557.65,0
1785823920,24559.6,24559.7,24555.4,24555.45,0
1785823980,24558.4,24560.75,24555.3,24558.4,0
1785824040,24561.0,24561.0,24553.9,24555.45,0
1785824100,24557.5,24557.5,24551.25,24552.45,0
1785824160,24554.35,24554.35,24550.15,24551.1,0
1785824220,24550.65,24552.8,24545.85,24551.2,0
1785824280,24551.45,24554.05,24534.75,24535.3,0
1785824340,24539.7,24539.7,24530.65,24532.8,0
1785824400,24534.75,24536.9,24530.6,24533.15,0
1785824460,24534.7,24536.7,24532.25,24535.05,0
1785824520,24535.55,24538.4,24529.65,24530.8,0
1785824580,24532.5,24540.4,24531.15,24535.45,0
1785824640,24538.45,24539.85,24531.6,24532.75,0
1785824700,24534.3,24535.8,24531.75,24532.5,0
1785824760,24534.7,24534.7,24530.1,24531.5,0
1785824820,24532.95,24532.95,24526.3,24528.85,0
1785824880,24528.95,24531.6,24527.0,24527.1,0
1785824940,24528.25,24528.25,24522.05,24524.15,0
1785825000,24524.75,24524.75,24505.55,24506.4,0
1785825060,24508.7,24515.6,24505.95,24514.45,0
1785825120,24516.75,24521.15,24514.05,24519.65,0
1785825180,24522.95,24528.35,24520.05,24526.35,0
1785825240,24528.55,24529.1,24521.9,24521.9,0
1785825300,24522.6,24524.05,24519.15,24521.85,0
1785825360,24524.0,24524.0,24519.8,24521.0,0
1785825420,24522.1,24522.1,24511.45,24511.65,0
1785825480,24513.5,24513.65,24504.05,24505.75,0
1785825540,24507.55,24512.4,24505.5,24506.35,0
1785825600,24507.9,24507.9,24501.1,24501.45,0
1785825660,24502.5,24502.65,24496.95,24497.65,0
1785825720,24500.05,24506.25,24498.65,24505.3,0
1785825780,24507.9,24510.55,24505.9,24509.25,0
1785825840,24510.8,24511.5,24508.7,24511.3,0
1785825900,24513.4,24513.4,24505.4,24509.8,0
1785825960,24512.3,24514.15,24509.15,24512.75,0
1785826020,24515.2,24516.5,24512.6,24513.45,0
1785826080,24515.6,24517.05,24512.85,24514.15,0
1785826140,24516.15,24523.6,24514.05,24519.75,0
1785826200,24521.7,24524.35,24519.1,24521.05,0
1785826260,24521.8,24521.8,24515.55,24515.9,0
1785826320,24518.0,24518.95,24513.6,24514.5,0
1785826380,24516.45,24521.3,24514.7,24520.2,0
1785826440,24522.9,24522.9,24517.05,24519.35,0
1785826500,24521.35,24521.45,24518.05,24519.2,0
1785826560,24521.05,24521.25,24516.25,24518.05,0
1785826620,24518.9,24518.9,24511.95,24513.0,0
1785826680,24514.3,24517.4,24512.85,24514.7,0
1785826740,24516.05,24518.35,24514.45,24515.7,0
1785826800,24517.65,24519.65,24516.25,24517.75,0
1785826860,24518.85,24518.85,24515.45,24517.1,0
1785826920,24519.25,24519.25,24514.25,24516.15,0
1785826980,24517.6,24517.6,24509.35,24510.35,0
1785827040,24511.5,24511.5,24506.7,24507.55,0
1785827100,24509.1,24509.1,24500.3,24500.7,0
1785827160,24502.4,24502.4,24498.05,24499.8,0
1785827220,24500.95,24500.95,24493.4,24493.4,0
1785827280,24495.3,24495.55,24491.6,24495.55,0
1785827340,24495.15,24504.15,24494.45,24503.25,0
1785827400,24504.9,24506.15,24500.55,24500.9,0
1785827460,24502.45,24502.45,24493.75,24494.35,0
1785827520,24495.5,24495.5,24489.55,24489.9,0
1785827580,24489.8,24492.2,24488.15,24489.0,0
1785827640,24490.6,24493.8,24489.1,24493.35,0
1785827700,24495.0,24502.9,24493.95,24501.3,0
1785827760,24503.7,24503.7,24500.2,24502.2,0
1785827820,24503.55,24505.8,24501.95,24504.45,0
1785827880,24506.65,24506.65,24498.75,24499.05,0
1785827940,24500.85,24503.8,24497.2,24503.3,0
1785828000,24504.65,24507.95,24501.7,24506.85,0
1785828060,24507.85,24509.15,24504.75,24507.15,0
1785828120,24509.8,24509.8,24500.3,24501.45,0
1785828180,24504.3,24505.0,24501.1,24501.5,0
1785828240,24503.5,24503.5,24499.1,24500.05,0
1785828300,24500.65,24500.65,24490.6,24491.75,0
1785828360,24494.2,24494.2,24489.35,24491.9,0
1785828420,24493.55,24495.95,24491.3,24495.6,0
1785828480,24496.95,24496.95,24490.8,24491.3,0
1785828540,24493.55,24495.65,24490.65,24491.75,0
1785828600,24493.4,24495.8,24488.75,24495.0,0
1785828660,24497.35,24500.85,24495.6,24499.55,0
1785828720,24500.65,24500.65,24492.1,24492.3,0
1785828780,24494.2,24497.35,24492.1,24494.65,0
1785828840,24496.65,24496.65,24491.85,24493.65,0
1785828900,24494.65,24495.8,24491.75,24491.9,0
1785828960,24493.95,24493.95,24488.65,24491.25,0
1785829020,24493.25,24493.35,24489.4,24491.45,0
1785829080,24492.6,24493.5,24490.0,24490.0,0
1785829140,24490.35,24493.05,24483.25,24483.7,0
1785829200,24486.65,24489.1,24484.65,24487.25,0
1785829260,24489.65,24489.75,24485.55,24485.7,0
1785829320,24487.55,24487.55,24483.4,24485.1,0
1785829380,24486.95,24488.4,24482.95,24483.65,0
1785829440,24483.6,24485.05,24477.35,24479.6,0
1785829500,24481.7,24481.7,24474.1,24477.95,0
1785829560,24479.4,24480.55,24475.7,24480.5,0
1785829620,24483.0,24487.0,24479.15,24482.3,0
1785829680,24483.4,24487.95,24480.5,24485.05,0
1785829740,24486.6,24486.6,24480.05,24482.05,0
1785829800,24484.05,24484.05,24479.45,24480.65,0
1785829860,24482.05,24482.05,24475.2,24475.8,0
1785829920,24477.65,24480.15,24475.15,24478.75,0
1785829980,24481.05,24492.0,24479.15,24491.35,0
1785830040,24492.0,24493.45,24490.1,24491.8,0
1785830100,24492.75,24492.75,24489.05,24490.1,0
1785830160,24491.55,24491.55,24485.75,24488.1,0
1785830220,24489.65,24491.05,24487.55,24488.25,0
1785830280,24490.05,24490.05,24475.65,24475.8,0
1785830340,24478.0,24478.0,24469.35,24471.2,0
1785830400,24473.5,24474.0,24469.05,24470.75,0
1785830460,24472.4,24472.4,24466.85,24468.2,0
1785830520,24468.65,24470.0,24462.2,24462.7,0
1785830580,24464.6,24464.6,24458.2,24464.05,0
1785830640,24465.95,24468.9,24462.7,24463.7,0
1785830700,24464.7,24465.0,24458.55,24458.85,0
1785830760,24460.8,24460.8,24455.95,24459.9,0
1785830820,24461.85,24464.05,24457.7,24463.45,0
1785830880,24464.1,24464.25,24460.85,24464.25,0
1785830940,24465.15,24470.85,24463.55,24468.2,0
1785831000,24468.75,24470.9,24466.65,24469.1,0
1785831060,24470.85,24471.0,24468.5,24469.75,0
1785831120,24470.6,24470.6,24462.25,24463.9,0
1785831180,24466.1,24466.1,24460.2,24461.2,0
1785831240,24463.3,24463.3,24453.8,24453.8,0
1785831300,24454.8,24458.2,24453.15,24456.1,0
1785831360,24457.5,24457.5,24452.1,24454.15,0
1785831420,24454.2,24457.8,24451.95,24457.1,0
1785831480,24459.2,24466.8,24456.95,24465.95,0
1785831540,24467.45,24467.45,24462.05,24465.45,0
1785831600,24466.75,24468.25,24464.3,24466.95,0
1785831660,24468.45,24468.45,24462.45,24465.05,0
1785831720,24467.1,24467.25,24462.5,24463.75,0
1785831780,24464.55,24464.55,24449.9,24450.1,0
1785831840,24450.55,24450.55,24440.95,24446.7,0
1785831900,24446.4,24448.4,24444.9,24446.8,0
1785831960,24447.7,24448.4,24439.75,24439.75,0
1785832020,24440.45,24440.7,24429.15,24429.55,0
1785832080,24430.2,24442.75,24428.2,24441.75,0
1785832140,24443.45,24449.6,24440.85,24448.9,0
1785832200,24450.6,24450.6,24436.15,24444.95,0
1785832260,24448.05,24448.05,24442.75,24444.8,0
1785832320,24446.35,24446.35,24440.9,24442.1,0
1785832380,24444.2,24444.2,24439.95,24442.7,0
1785832440,24443.25,24446.1,24440.45,24445.4,0
1785832500,24447.8,24450.3,24444.3,24447.75,0
1785832560,24447.65,24454.2,24447.2,24452.45,0
1785832620,24453.9,24457.9,24451.65,24456.05,0
1785832680,24458.75,24458.75,24451.05,24451.3,0
1785832740,24453.8,24454.2,24449.55,24450.2,0
1785832800,24452.5,24455.45,24450.1,24452.4,0
1785832860,24454.45,24460.45,24450.2,24458.95,0
1785832920,24459.4,24462.25,24457.2,24458.75,0
1785832980,24461.1,24461.1,24455.2,24457.65,0
1785833040,24459.3,24463.3,24457.15,24462.35,0
1785833100,24463.8,24464.95,24460.85,24461.4,0
1785833160,24463.3,24465.2,24460.45,24463.25,0
1785833220,24464.6,24470.3,24463.4,24469.8,0
1785833280,24469.75,24473.85,24464.55,24473.85,0
1785833340,24475.0,24487.35,24473.45,24486.0,0
1785833400,24487.3,24492.45,24486.65,24492.15,0
1785833460,24493.45,24494.3,24472.65,24476.2,0
1785833520,24478.65,24479.4,24475.0,24477.6,0
1785833580,24479.8,24482.05,24463.8,24466.2,0
1785833640,24469.9,24475.95,24467.65,24473.4,0
1785833700,24476.0,24480.75,24473.65,24477.85,0
1785833760,24480.3,24482.85,24476.25,24478.15,0
1785833820,24480.8,24482.1,24475.9,24479.5,0
1785833880,24479.85,24481.6,24471.0,24472.2,0
1785833940,24473.65,24473.65,24461.1,24470.5,0
1785834000,24470.1,24481.5,24465.85,24479.3,0
1785834060,24480.45,24490.3,24478.2,24481.0,0
1785834120,24480.7,24486.2,24469.65,24469.65,0
1785834180,24470.9,24471.25,24458.9,24458.9,0
1785834240,24462.5,24465.15,24456.3,24463.15,0
1785834300,24464.85,24469.5,24462.65,24466.65,0
1785834360,24467.35,24467.9,24456.85,24460.6,0
1785834420,24461.8,24465.2,24459.1,24463.75,0
1785834480,24464.65,24470.65,24463.35,24469.15,0
1785834540,24469.2,24471.5,24462.3,24463.3,0
1785834600,24463.85,24467.55,24462.2,24463.25,0
1785834660,24464.15,24467.15,24462.0,24464.35,0
1785834720,24464.9,24466.5,24459.15,24462.7,0
1785834780,24461.75,24463.8,24458.05,24459.5,0
1785834840,24461.0,24464.0,24456.65,24456.65,0
1785834900,24459.4,24472.05,24455.95,24471.8,0
1785834960,24469.8,24471.9,24465.85,24467.1,0
1785835020,24466.85,24469.15,24465.0,24467.4,0
1785835080,24468.05,24468.7,24464.25,24465.3,0
1785835140,24466.6,24471.65,24465.8,24469.2,0
1785835200,24469.65,24473.6,24466.9,24467.5,0
1785835260,24470.6,24471.85,24465.9,24467.95,0
1785835320,24469.55,24473.5,24468.1,24470.9,0
1785835380,24472.1,24474.85,24470.3,24473.7,0
1785835440,24474.15,24476.3,24472.5,24474.75,0
1785835500,24474.8,24480.3,24473.75,24473.95,0
1785835560,24475.55,24479.9,24473.1,24479.65,0
1785835620,24480.25,24481.45,24468.6,24469.7,0
1785835680,24472.3,24472.3,24465.6,24467.65,0
1785835740,24469.1,24471.3,24465.6,24465.85,0
1785835800,24469.1,24474.3,24463.9,24463.9,0
1785835860,24464.8,24465.75,24453.45,24454.9,0
1785835920,24456.95,24459.65,24454.1,24455.2,0
1785835980,24455.15,24456.7,24452.05,24453.6,0
1785836040,24455.0,24457.1,24449.75,24450.1,0
1785836100,24450.35,24452.0,24445.0,24448.85,0
1785836160,24449.65,24452.5,24446.15,24451.9,0
1785836220,24452.8,24458.3,24451.8,24454.1,0
1785836280,24454.0,24457.15,24451.8,24452.15,0
1785836340,24455.65,24457.35,24447.5,24452.3,0
1785836400,24454.0,24456.7,24443.6,24449.9,0
1785836460,24448.85,24458.75,24446.8,24454.05,0
1785836520,24453.75,24455.2,24446.7,24449.55,0
1785836580,24448.8,24453.55,24446.65,24453.55,0
1785836640,24453.7,24466.15,24451.1,24462.95,0
1785836700,24463.45,24463.45,24463.45,24463.45,0
1785836760,24463.45,24463.45,24463.45,24463.45,0
1785836820,24463.45,24463.45,24463.45,24463.45,0
1785836880,24463.45,24463.45,24463.45,24463.45,0
1785836940,24463.45,24463.45,24463.45,24463.45,0
1785837000,24463.45,24463.45,24463.45,24463.45,0
1785837060,24463.45,24463.45,24463.45,24463.45,0
1785837120,24463.45,24463.45,24463.45,24463.45,0
1785837180,24463.45,24463.45,24463.45,24463.45,0
1785837240,24463.45,24463.45,24463.45,24463.45,0
1785837300,24463.45,24463.45,24463.45,24463.45,0
1785837360,24463.45,24463.45,24463.45,24463.45,0
1785837420,24463.45,24463.45,24463.45,24463.45,0
1785837480,24463.45,24614.9,24463.45,24614.9,0
1785837540,24614.9,24614.9,24614.9,24614.9,0
1785837600,24614.9,24614.9,24614.9,24614.9,0
1785837660,24614.9,24614.9,24614.9,24614.9,0
1785837720,24614.9,24614.9,24614.9,24614.9,0
1785837780,24614.9,24614.9,24614.9,24614.9,0
1785837840,24614.9,24614.9,24614.9,24614.9,0
1785837900,24614.9,24614.9,24614.9,24614.9,0
1785837960,24614.9,24614.9,24614.9,24614.9,0
1785838020,24614.9,24614.9,24614.9,24614.9,0
1785838080,24614.9,24614.9,24614.9,24614.9,0
1785838140,24614.9,24614.9,24614.9,24614.9,0
1785838200,24614.9,24614.9,24614.9,24614.9,0
1785901500,24646.1,24662.75,24619.05,24646.15,0
1785901560,24646.65,24653.9,24634.7,24648.15,0
1785901620,24648.1,24652.9,24641.95,24643.4,0
1785901680,24644.45,24650.45,24637.8,24643.25,0
1785901740,24644.05,24645.05,24633.65,24635.2,0
1785901800,24636.2,24640.95,24634.85,24635.85,0
1785901860,24637.0,24642.15,24633.4,24638.7,0
1785901920,24638.25,24641.6,24625.7,24626.5,0
1785901980,24626.1,24628.4,24622.05,24623.3,0
1785902040,24622.6,24628.3,24621.05,24626.1,0
1785902100,24624.0,24628.2,24619.25,24621.85,0
1785902160,24621.8,24621.8,24611.45,24611.7,0
1785902220,24612.15,24621.6,24611.55,24614.0,0
1785902280,24614.35,24619.4,24613.15,24618.4,0
1785902340,24618.9,24625.1,24617.0,24621.4,0
1785902400,24622.2,24622.45,24606.45,24606.75,0
1785902460,24607.85,24614.3,24605.6,24612.75,0
1785902520,24613.15,24621.6,24612.95,24621.6,0
1785902580,24621.45,24624.05,24616.4,24620.15,0
1785902640,24621.2,24622.15,24610.5,24610.65,0
1785902700,24612.8,24614.2,24609.05,24611.0,0
1785902760,24610.75,24615.55,24607.95,24608.45,0
1785902820,24609.85,24611.55,24604.95,24608.8,0
1785902880,24608.75,24613.75,24605.6,24612.95,0
1785902940,24612.45,24622.6,24612.45,24622.25,0
1785903000,24622.75,24627.4,24620.45,24627.2,0
1785903060,24628.4,24634.8,24626.1,24633.95,0
1785903120,24635.95,24635.95,24626.35,24627.45,0
1785903180,24627.4,24633.2,24626.9,24627.95,0
1785903240,24627.65,24632.05,24627.25,24627.95,0
1785903300,24628.05,24629.85,24624.55,24626.3,0
1785903360,24627.65,24627.65,24621.6,24623.55,0
1785903420,24625.3,24628.8,24622.55,24624.45,0
1785903480,24625.35,24628.45,24621.9,24626.55,0
1785903540,24626.65,24631.7,24625.8,24628.35,0
1785903600,24629.5,24630.5,24621.0,24621.45,0
1785903660,24622.3,24622.5,24608.05,24608.45,0
1785903720,24607.95,24608.7,24599.25,24602.95,0
1785903780,24602.65,24605.2,24597.55,24600.35,0
1785903840,24599.3,24601.45,24591.2,24591.2,0
1785903900,24592.1,24594.3,24582.85,24584.2,0
1785903960,24584.0,24587.6,24582.2,24582.5,0
1785904020,24583.3,24588.95,24581.7,24587.4,0
1785904080,24588.55,24590.5,24587.05,24588.65,0
1785904140,24589.9,24595.3,24587.75,24594.25,0
1785904200,24595.05,24601.05,24595.05,24600.65,0
1785904260,24601.75,24604.95,24599.5,24603.55,0
1785904320,24604.55,24610.8,24598.85,24610.2,0
1785904380,24612.6,24620.6,24611.8,24615.95,0
1785904440,24616.4,24619.4,24611.25,24612.15,0
1785904500,24612.2,24614.75,24603.85,24604.6,0
1785904560,24605.65,24605.95,24591.3,24593.35,0
1785904620,24593.2,24593.5,24588.45,24592.3,0
1785904680,24593.6,24606.6,24592.0,24605.8,0
1785904740,24606.0,24609.65,24605.0,24605.75,0
1785904800,24605.9,24614.4,24605.35,24610.65,0
1785904860,24610.75,24618.55,24609.0,24613.0,0
1785904920,24613.25,24615.8,24611.7,24612.65,0
1785904980,24612.85,24622.4,24612.85,24621.35,0
1785905040,24621.3,24623.2,24619.3,24620.9,0
1785905100,24621.25,24621.75,24608.4,24608.55,0
1785905160,24608.05,24609.45,24605.8,24606.45,0
1785905220,24605.6,24606.25,24601.7,24605.0,0
1785905280,24605.0,24607.55,24602.05,24606.55,0
1785905340,24606.65,24612.85,24606.65,24611.8,0
1785905400,24610.8,24615.65,24609.3,24614.4,0
1785905460,24614.9,24616.65,24604.95,24605.8,0
1785905520,24605.5,24614.3,24604.7,24612.8,0
1785905580,24613.8,24618.9,24611.5,24617.0,0
1785905640,24617.2,24617.85,24613.6,24615.9,0
1785905700,24616.0,24616.8,24609.85,24612.15,0
1785905760,24611.7,24612.7,24594.45,24594.45,0
1785905820,24594.25,24596.3,24589.3,24589.5,0
1785905880,24589.6,24591.95,24580.7,24581.75,0
1785905940,24582.05,24585.45,24580.7,24582.4,0
1785906000,24582.15,24583.1,24572.1,24573.6,0
1785906060,24574.55,24575.25,24562.4,24564.0,0
1785906120,24563.7,24575.45,24563.05,24575.45,0
1785906180,24575.2,24581.15,24574.75,24580.15,0
1785906240,24579.9,24582.95,24577.75,24580.05,0
1785906300,24580.15,24582.5,24577.7,24580.25,0
1785906360,24580.55,24591.2,24579.45,24585.8,0
1785906420,24587.35,24587.35,24576.95,24577.5,0
1785906480,24577.5,24578.65,24575.1,24578.5,0
1785906540,24579.25,24582.85,24576.8,24581.65,0
1785906600,24581.5,24587.45,24578.85,24586.8,0
1785906660,24586.8,24594.05,24585.8,24593.15,0
1785906720,24593.35,24602.4,24592.5,24599.1,0
1785906780,24599.1,24605.05,24597.25,24601.85,0
1785906840,24601.25,24602.2,24594.4,24594.4,0
1785906900,24594.4,24602.35,24593.9,24599.2,0
1785906960,24600.0,24602.95,24598.25,24602.5,0
1785907020,24602.4,24603.4,24597.65,24602.75,0
1785907080,24602.75,24608.3,24602.75,24604.8,0
1785907140,24605.45,24610.4,24601.9,24609.4,0
1785907200,24609.5,24617.45,24609.5,24614.25,0
1785907260,24614.4,24615.75,24605.4,24605.4,0
1785907320,24605.8,24610.95,24604.3,24609.35,0
1785907380,24610.05,24612.45,24608.3,24612.25,0
1785907440,24612.5,24619.55,24610.5,24617.2,0
1785907500,24616.2,24631.25,24615.4,24630.35,0
1785907560,24630.7,24635.0,24629.35,24630.15,0
1785907620,24630.4,24636.45,24629.75,24635.7,0
1785907680,24636.45,24641.75,24635.8,24640.55,0
1785907740,24640.1,24644.75,24637.25,24643.05,0
1785907800,24643.5,24654.3,24643.5,24652.15,0
1785907860,24651.8,24657.15,24648.15,24648.15,0
1785907920,24647.6,24649.8,24646.35,24648.6,0
1785907980,24649.25,24654.0,24648.5,24652.5,0
1785908040,24652.75,24653.3,24647.65,24648.3,0
1785908100,24647.95,24658.9,24647.95,24656.75,0
1785908160,24656.6,24662.6,24656.6,24659.0,0
1785908220,24660.85,24661.45,24644.6,24644.6,0
1785908280,24645.85,24645.85,24632.25,24633.15,0
1785908340,24632.75,24636.0,24625.65,24626.2,0
1785908400,24626.2,24627.25,24617.9,24618.25,0
1785908460,24619.15,24624.75,24618.5,24623.5,0
1785908520,24624.7,24630.9,24622.0,24629.65,0
1785908580,24631.35,24640.65,24629.75,24636.6,0
1785908640,24637.9,24639.55,24630.2,24631.4,0
1785908700,24631.45,24637.5,24630.95,24635.05,0
1785908760,24635.15,24637.65,24632.45,24634.55,0
1785908820,24634.85,24635.45,24629.0,24631.1,0
1785908880,24630.5,24633.45,24625.65,24627.1,0
1785908940,24627.2,24629.15,24622.05,24623.05,0
1785909000,24622.4,24623.9,24620.8,24622.3,0
1785909060,24622.35,24624.7,24617.7,24623.0,0
1785909120,24623.25,24629.15,24622.6,24626.35,0
1785909180,24626.55,24627.2,24620.6,24621.8,0
1785909240,24621.35,24621.75,24616.1,24619.6,0
1785909300,24619.55,24621.15,24614.2,24617.05,0
1785909360,24617.0,24617.95,24613.1,24613.1,0
1785909420,24613.2,24615.25,24611.85,24614.2,0
1785909480,24614.25,24614.9,24609.8,24612.05,0
1785909540,24612.0,24613.0,24608.0,24611.25,0
1785909600,24610.95,24612.25,24605.5,24609.45,0
1785909660,24610.0,24611.05,24602.75,24606.7,0
1785909720,24606.85,24607.85,24603.15,24605.05,0
1785909780,24604.75,24606.7,24597.05,24599.5,0
1785909840,24599.35,24600.25,24589.25,24590.1,0
1785909900,24590.2,24591.8,24586.5,24588.55,0
1785909960,24590.4,24594.3,24587.55,24591.1,0
1785910020,24590.7,24593.1,24588.35,24592.0,0
1785910080,24591.9,24595.0,24589.4,24594.65,0
1785910140,24594.4,24599.3,24592.1,24598.2,0
1785910200,24598.2,24600.3,24595.7,24598.9,0
1785910260,24598.65,24598.65,24589.85,24593.4,0
1785910320,24592.9,24596.1,24591.75,24594.55,0
1785910380,24594.8,24596.9,24593.55,24596.65,0
1785910440,24596.5,24601.1,24593.2,24594.4,0
1785910500,24594.4,24595.75,24589.9,24593.85,0
1785910560,24593.4,24595.2,24587.45,24590.0,0
1785910620,24589.1,24591.9,24587.85,24588.35,0
1785910680,24589.1,24592.65,24586.3,24587.55,0
1785910740,24586.95,24589.4,24583.05,24584.25,0
1785910800,24583.65,24584.95,24576.35,24577.45,0
1785910860,24577.15,24579.0,24571.2,24571.55,0
1785910920,24571.7,24578.5,24569.4,24575.8,0
1785910980,24577.0,24580.65,24575.6,24576.1,0
1785911040,24576.3,24577.15,24573.7,24574.3,0
1785911100,24573.7,24575.85,24569.05,24571.25,0
1785911160,24570.85,24575.25,24569.45,24571.55,0
1785911220,24570.65,24571.05,24563.6,24564.6,0
1785911280,24563.5,24567.95,24561.75,24566.25,0
1785911340,24565.35,24571.0,24565.05,24570.95,0
1785911400,24570.05,24572.3,24568.3,24570.45,0
1785911460,24570.9,24574.6,24570.15,24573.6,0
1785911520,24573.45,24577.95,24571.5,24576.95,0
1785911580,24575.15,24579.05,24575.15,24577.05,0
1785911640,24577.0,24578.25,24573.45,24575.6,0
1785911700,24575.85,24577.7,24573.15,24573.45,0
1785911760,24573.2,24575.65,24571.9,24573.35,0
1785911820,24573.35,24577.5,24572.55,24575.1,0
1785911880,24575.4,24576.85,24573.9,24574.0,0
1785911940,24577.0,24578.6,24573.6,24576.5,0
1785912000,24576.4,24577.5,24572.7,24572.95,0
1785912060,24573.8,24573.8,24565.05,24565.55,0
1785912120,24565.8,24575.25,24564.75,24575.0,0
1785912180,24575.1,24575.65,24571.6,24574.45,0
1785912240,24574.55,24576.7,24571.2,24572.85,0
1785912300,24573.75,24577.35,24572.75,24574.85,0
1785912360,24576.35,24576.35,24571.2,24575.35,0
1785912420,24574.75,24580.0,24572.45,24580.0,0
1785912480,24579.45,24580.35,24575.6,24577.75,0
1785912540,24576.55,24577.35,24566.3,24566.85,0
1785912600,24566.5,24570.7,24565.8,24568.65,0
1785912660,24569.05,24574.0,24568.65,24572.95,0
1785912720,24574.1,24575.25,24566.15,24566.4,0
1785912780,24568.1,24568.95,24560.95,24564.9,0
1785912840,24566.35,24576.8,24564.95,24571.95,0
1785912900,24571.9,24574.05,24568.75,24573.65,0
1785912960,24573.3,24576.15,24569.15,24570.05,0
1785913020,24571.4,24571.4,24564.1,24565.4,0
1785913080,24568.1,24569.95,24565.75,24569.95,0
1785913140,24569.4,24570.55,24565.7,24566.9,0
1785913200,24566.9,24568.3,24560.55,24561.35,0
1785913260,24561.45,24561.9,24552.05,24552.65,0
1785913320,24554.2,24554.7,24544.5,24550.3,0
1785913380,24552.75,24554.5,24547.15,24549.25,0
1785913440,24550.35,24551.35,24542.05,24543.85,0
1785913500,24543.95,24545.3,24535.65,24537.9,0
1785913560,24538.0,24539.5,24534.05,24535.0,0
1785913620,24536.35,24536.35,24531.5,24532.85,0
1785913680,24532.85,24535.5,24530.1,24532.9,0
1785913740,24534.3,24540.35,24533.3,24540.0,0
1785913800,24541.2,24544.6,24537.95,24541.05,0
1785913860,24543.35,24545.65,24537.65,24537.85,0
1785913920,24537.6,24539.2,24530.35,24530.6,0
1785913980,24532.75,24532.75,24525.95,24528.1,0
1785914040,24529.25,24533.0,24526.8,24531.85,0
1785914100,24533.6,24535.1,24530.75,24532.05,0
1785914160,24533.8,24533.8,24528.4,24530.3,0
1785914220,24530.15,24532.4,24529.45,24529.8,0
1785914280,24531.1,24531.5,24527.1,24527.15,0
1785914340,24528.15,24528.15,24520.7,24523.7,0
1785914400,24523.85,24525.55,24519.35,24519.5,0
1785914460,24520.35,24520.9,24517.65,24519.3,0
1785914520,24520.85,24524.2,24517.95,24523.35,0
1785914580,24524.55,24525.05,24521.2,24523.1,0
1785914640,24523.3,24526.1,24521.15,24522.65,0
1785914700,24523.05,24527.2,24521.05,24527.05,0
1785914760,24528.5,24528.5,24522.05,24522.2,0
1785914820,24523.15,24524.0,24520.1,24522.25,0
1785914880,24522.2,24523.85,24519.8,24521.25,0
1785914940,24521.25,24522.2,24515.65,24516.1,0
1785915000,24516.35,24518.1,24513.7,24514.6,0
1785915060,24515.85,24518.35,24513.8,24517.9,0
1785915120,24517.8,24521.8,24516.45,24521.15,0
1785915180,24522.75,24530.25,24521.2,24528.45,0
1785915240,24529.05,24534.6,24528.2,24530.9,0
1785915300,24532.3,24532.3,24511.35,24512.05,0
1785915360,24512.3,24516.2,24508.45,24516.1,0
1785915420,24515.35,24521.45,24514.0,24521.1,0
1785915480,24520.55,24529.4,24520.55,24529.0,0
1785915540,24530.35,24536.9,24529.05,24536.65,0
1785915600,24537.65,24540.1,24535.2,24537.2,0
1785915660,24537.35,24538.5,24526.5,24527.1,0
1785915720,24526.6,24528.8,24522.95,24523.6,0
1785915780,24523.7,24524.55,24519.25,24522.15,0
1785915840,24523.9,24535.7,24520.15,24535.05,0
1785915900,24534.95,24541.3,24530.55,24539.75,0
1785915960,24541.0,24545.15,24533.3,24543.6,0
1785916020,24545.3,24546.85,24541.95,24543.1,0
1785916080,24544.6,24546.3,24541.2,24543.5,0
1785916140,24544.9,24548.5,24541.75,24547.3,0
1785916200,24548.7,24549.4,24546.25,24546.45,0
1785916260,24546.75,24548.35,24537.55,24540.95,0
1785916320,24541.05,24554.3,24540.3,24552.6,0
1785916380,24554.0,24559.3,24536.65,24536.65,0
1785916440,24538.5,24539.1,24522.95,24524.45,0
1785916500,24526.05,24528.35,24515.75,24520.6,0
1785916560,24521.05,24531.2,24517.75,24527.25,0
1785916620,24527.35,24532.05,24525.55,24529.05,0
1785916680,24530.55,24530.55,24525.45,24526.35,0
1785916740,24525.9,24529.35,24524.15,24528.55,0
1785916800,24529.2,24533.7,24526.15,24532.25,0
1785916860,24533.75,24534.55,24528.55,24530.15,0
1785916920,24530.9,24531.5,24525.75,24529.8,0
1785916980,24530.15,24535.1,24529.6,24531.4,0
1785917040,24532.85,24533.7,24515.6,24519.05,0
1785917100,24520.8,24526.5,24518.1,24524.85,0
1785917160,24525.8,24528.1,24524.3,24525.6,0
1785917220,24525.3,24528.05,24522.45,24522.45,0
1785917280,24523.65,24523.65,24516.9,24519.35,0
1785917340,24519.15,24521.0,24517.3,24520.5,0
1785917400,24520.1,24521.45,24517.45,24517.45,0
1785917460,24518.8,24520.7,24516.6,24519.85,0
1785917520,24520.1,24521.05,24513.4,24513.9,0
1785917580,24514.4,24515.1,24501.8,24504.0,0
1785917640,24506.55,24509.4,24498.7,24502.95,0
1785917700,24503.7,24512.65,24502.1,24506.85,0
1785917760,24509.05,24521.9,24503.0,24519.85,0
1785917820,24521.95,24521.95,24516.15,24520.75,0
1785917880,24520.05,24522.45,24515.6,24520.7,0
1785917940,24522.15,24528.0,24520.05,24527.6,0
1785918000,24527.45,24532.5,24520.3,24523.5,0
1785918060,24523.3,24523.85,24512.4,24513.65,0
1785918120,24513.2,24522.6,24507.8,24519.9,0
1785918180,24519.0,24521.25,24508.7,24514.55,0
1785918240,24516.2,24518.2,24511.95,24517.25,0
1785918300,24517.05,24517.45,24507.4,24507.4,0
1785918360,24509.95,24515.3,24506.5,24511.9,0
1785918420,24511.3,24515.35,24509.4,24511.85,0
1785918480,24513.2,24517.05,24510.3,24515.5,0
1785918540,24516.95,24516.95,24512.9,24514.55,0
1785918600,24514.45,24517.85,24513.45,24516.15,0
1785918660,24516.0,24518.75,24513.6,24517.5,0
1785918720,24517.3,24522.8,24515.55,24520.4,0
1785918780,24520.2,24526.5,24518.85,24522.6,0
1785918840,24522.8,24526.85,24520.95,24524.5,0
1785918900,24525.9,24528.25,24522.25,24527.95,0
1785918960,24527.35,24530.85,24525.35,24530.35,0
1785919020,24530.35,24533.55,24529.3,24532.45,0
1785919080,24534.3,24534.3,24526.25,24526.5,0
1785919140,24527.7,24528.75,24522.75,24523.7,0
1785919200,24524.8,24531.15,24522.7,24529.35,0
1785919260,24531.45,24532.25,24517.65,24524.8,0
1785919320,24526.2,24529.6,24523.55,24524.25,0
1785919380,24524.65,24524.65,24515.25,24516.05,0
1785919440,24517.65,24518.15,24512.6,24513.25,0
1785919500,24514.0,24515.8,24511.2,24514.3,0
1785919560,24514.0,24514.8,24508.0,24509.1,0
1785919620,24510.15,24510.15,24499.35,24502.2,0
1785919680,24501.95,24502.45,24498.25,24502.15,0
1785919740,24504.0,24510.8,24502.7,24507.45,0
1785919800,24506.7,24513.5,24506.0,24509.55,0
1785919860,24510.85,24516.8,24507.6,24513.65,0
1785919920,24514.25,24515.7,24507.55,24507.85,0
1785919980,24508.6,24510.7,24505.05,24507.15,0
1785920040,24506.95,24510.3,24503.4,24505.35,0
1785920100,24505.5,24507.75,24503.45,24505.35,0
1785920160,24504.75,24507.55,24501.85,24505.85,0
1785920220,24507.4,24513.05,24506.05,24511.2,0
1785920280,24511.15,24511.15,24501.65,24502.35,0
1785920340,24502.15,24507.5,24501.1,24504.5,0
1785920400,24504.75,24509.95,24504.4,24507.5,0
1785920460,24508.7,24511.75,24505.35,24505.45,0
1785920520,24505.45,24507.65,24503.25,24506.1,0
1785920580,24506.45,24509.8,24505.35,24507.85,0
1785920640,24507.75,24509.0,24503.75,24504.85,0
1785920700,24506.1,24506.3,24501.5,24503.55,0
1785920760,24503.25,24518.5,24501.55,24516.85,0
1785920820,24514.25,24519.1,24513.75,24518.05,0
1785920880,24517.95,24519.05,24513.85,24516.9,0
1785920940,24518.9,24520.35,24515.6,24516.65,0
1785921000,24516.05,24516.75,24508.1,24508.6,0
1785921060,24510.65,24510.85,24506.5,24506.9,0
1785921120,24508.3,24509.0,24505.1,24508.25,0
1785921180,24508.2,24509.65,24504.3,24505.1,0
1785921240,24505.9,24507.4,24500.75,24505.7,0
1785921300,24505.0,24509.0,24505.0,24506.2,0
1785921360,24506.1,24513.65,24503.85,24511.85,0
1785921420,24511.9,24515.3,24506.45,24513.9,0
1785921480,24513.35,24515.0,24510.9,24513.6,0
1785921540,24513.4,24520.8,24512.9,24517.1,0
1785921600,24517.45,24519.05,24511.2,24513.1,0
1785921660,24512.95,24515.1,24508.7,24511.3,0
1785921720,24508.6,24516.35,24507.45,24513.55,0
1785921780,24513.95,24519.75,24510.25,24517.65,0
1785921840,24516.95,24520.6,24511.25,24511.25,0
1785921900,24511.2,24514.25,24507.05,24508.55,0
1785921960,24508.3,24514.65,24506.2,24512.5,0
1785922020,24512.65,24517.3,24511.55,24516.5,0
1785922080,24515.85,24529.55,24515.85,24527.5,0
1785922140,24527.8,24530.8,24524.15,24524.2,0
1785922200,24523.8,24528.0,24521.8,24522.1,0
1785922260,24522.5,24523.35,24517.3,24521.85,0
1785922320,24521.95,24531.6,24521.65,24528.45,0
1785922380,24529.9,24532.95,24526.2,24532.05,0
1785922440,24532.15,24536.15,24531.3,24532.45,0
1785922500,24533.3,24534.85,24518.6,24525.7,0
1785922560,24526.1,24535.05,24524.25,24531.35,0
1785922620,24532.8,24545.8,24532.25,24544.3,0
1785922680,24543.75,24548.95,24542.65,24545.0,0
1785922740,24544.65,24545.2,24537.0,24540.75,0
1785922800,24542.25,24543.0,24528.5,24534.05,0
1785922860,24532.75,24540.05,24528.95,24538.5,0
1785922920,24539.25,24545.95,24531.45,24543.35,0
1785922980,24544.4,24551.15,24540.35,24547.3,0
1785923040,24549.2,24575.75,24545.95,24572.25,0
1785923100,24570.2,24570.2,24570.2,24570.2,0
1785923160,24570.2,24570.2,24570.2,24570.2,0
1785923220,24570.2,24570.2,24570.2,24570.2,0
1785923280,24570.2,24570.2,24570.2,24570.2,0
1785923340,24570.2,24570.2,24570.2,24570.2,0
1785923400,24570.2,24570.2,24570.2,24570.2,0
1785923460,24570.2,24570.2,24570.2,24570.2,0
1785923520,24570.2,24570.2,24570.2,24570.2,0
1785923580,24570.2,24570.2,24570.2,24570.2,0
1785923640,24570.2,24570.2,24570.2,24570.2,0
1785923700,24570.2,24570.2,24570.2,24570.2,0
1785923760,24570.2,24570.2,24570.2,24570.2,0
1785923820,24570.2,24570.2,24570.2,24570.2,0
1785923880,24570.2,24624.65,24570.2,24624.65,0
1785923940,24624.65,24624.65,24624.65,24624.65,0
1785924000,24624.65,24624.65,24624.65,24624.65,0
1785987900,24641.0,24641.0,24607.75,24628.1,0
1785987960,24628.05,24640.65,24610.7,24633.05,0
1785988020,24631.6,24641.15,24628.7,24637.35,0
1785988080,24638.15,24639.55,24621.2,24623.5,0
1785988140,24624.4,24627.9,24617.05,24626.1,0
1785988200,24625.95,24640.9,24625.4,24637.65,0
1785988260,24638.2,24642.45,24628.15,24640.75,0
1785988320,24639.95,24646.2,24638.1,24643.55,0
1785988380,24644.95,24646.9,24639.8,24641.75,0
1785988440,24642.45,24644.9,24636.9,24637.5,0
1785988500,24638.2,24638.2,24626.25,24636.55,0
1785988560,24637.35,24639.15,24633.95,24637.05,0
1785988620,24638.75,24641.95,24634.85,24637.6,0
1785988680,24639.1,24639.75,24634.25,24637.65,0
1785988740,24637.65,24638.3,24631.0,24635.25,0
1785988800,24637.75,24647.25,24636.75,24645.55,0
1785988860,24646.85,24649.3,24636.1,24636.8,0
1785988920,24639.8,24640.85,24631.55,24632.3,0
1785988980,24633.25,24635.4,24629.15,24633.0,0
1785989040,24633.6,24635.4,24620.65,24624.55,0
1785989100,24625.55,24635.2,24622.7,24633.95,0
1785989160,24636.35,24636.35,24626.25,24627.5,0
1785989220,24629.75,24633.0,24627.35,24628.25,0
1785989280,24630.8,24637.5,24626.85,24635.35,0
1785989340,24636.45,24639.4,24632.65,24632.95,0
1785989400,24635.55,24641.0,24633.95,24638.3,0
1785989460,24640.15,24642.3,24637.2,24637.9,0
1785989520,24638.65,24638.7,24632.0,24636.55,0
1785989580,24638.25,24644.55,24635.85,24640.8,0
1785989640,24642.0,24646.4,24640.35,24644.75,0
1785989700,24645.15,24652.15,24645.15,24648.95,0
1785989760,24651.65,24652.1,24645.2,24649.75,0
1785989820,24652.05,24656.6,24649.6,24656.55,0
1785989880,24657.35,24664.45,24656.05,24660.8,0
1785989940,24663.0,24664.1,24659.1,24659.65,0
1785990000,24660.2,24663.0,24657.85,24661.7,0
1785990060,24662.45,24662.45,24655.4,24658.75,0
1785990120,24658.7,24662.7,24658.7,24658.95,0
1785990180,24659.1,24661.55,24656.5,24660.45,0
1785990240,24661.55,24664.95,24660.5,24662.3,0
1785990300,24663.05,24663.05,24654.65,24655.15,0
1785990360,24656.9,24656.9,24645.95,24646.2,0
1785990420,24648.1,24648.1,24643.3,24646.55,0
1785990480,24648.65,24648.65,24643.35,24644.0,0
1785990540,24645.8,24645.8,24635.3,24636.35,0
1785990600,24637.55,24637.55,24624.75,24624.75,0
1785990660,24626.15,24629.6,24621.3,24626.95,0
1785990720,24627.4,24627.45,24617.25,24617.25,0
1785990780,24618.25,24618.25,24607.9,24608.45,0
1785990840,24608.95,24616.4,24606.45,24614.55,0
1785990900,24614.05,24614.05,24605.95,24606.8,0
1785990960,24606.85,24613.75,24606.4,24612.05,0
1785991020,24612.65,24619.75,24612.0,24619.6,0
1785991080,24618.45,24620.0,24615.4,24615.6,0
1785991140,24616.2,24621.5,24615.2,24620.9,0
1785991200,24620.7,24627.8,24619.55,24626.95,0
1785991260,24627.45,24627.45,24622.8,24624.7,0
1785991320,24625.1,24633.0,24623.9,24631.65,0
1785991380,24632.8,24638.9,24630.95,24631.25,0
1785991440,24632.5,24636.0,24630.1,24630.85,0
1785991500,24631.75,24631.75,24625.0,24626.95,0
1785991560,24627.6,24629.6,24626.15,24628.25,0
1785991620,24628.4,24629.8,24620.9,24622.05,0
1785991680,24622.35,24623.0,24617.75,24621.55,0
1785991740,24622.1,24624.05,24618.05,24619.9,0
1785991800,24621.0,24623.95,24618.65,24622.25,0
1785991860,24622.65,24627.25,24622.2,24626.35,0
1785991920,24626.55,24630.05,24626.35,24629.85,0
1785991980,24630.1,24635.25,24629.9,24634.25,0
1785992040,24634.7,24639.25,24633.95,24638.65,0
1785992100,24639.45,24639.7,24629.2,24629.2,0
1785992160,24630.25,24631.75,24627.65,24630.7,0
1785992220,24630.9,24634.65,24628.0,24630.2,0
1785992280,24630.65,24633.05,24628.45,24632.85,0
1785992340,24633.3,24637.55,24631.95,24636.0,0
1785992400,24635.7,24638.65,24634.4,24637.05,0
1785992460,24637.15,24639.05,24635.4,24637.9,0
1785992520,24638.0,24640.35,24636.7,24638.9,0
1785992580,24639.4,24643.35,24637.7,24639.05,0
1785992640,24640.0,24642.85,24634.9,24635.75,0
1785992700,24635.55,24637.35,24630.35,24634.55,0
1785992760,24634.5,24640.9,24634.5,24638.35,0
1785992820,24639.5,24642.45,24632.2,24632.2,0
1785992880,24633.65,24642.5,24630.9,24641.2,0
1785992940,24641.05,24643.35,24637.1,24639.6,0
1785993000,24639.95,24641.1,24634.6,24635.1,0
1785993060,24635.5,24636.35,24632.05,24633.8,0
1785993120,24634.4,24638.55,24632.75,24635.6,0
1785993180,24636.0,24638.95,24632.25,24636.6,0
1785993240,24636.7,24640.0,24635.1,24636.65,0
1785993300,24637.0,24637.25,24631.75,24633.1,0
1785993360,24633.1,24633.85,24627.55,24628.2,0
1785993420,24628.1,24631.35,24623.3,24623.85,0
1785993480,24624.55,24628.5,24621.65,24627.25,0
1785993540,24627.95,24630.75,24622.45,24626.9,0
1785993600,24626.05,24629.95,24623.6,24626.55,0
1785993660,24627.25,24627.7,24620.35,24620.7,0
1785993720,24621.0,24622.0,24617.25,24617.55,0
1785993780,24618.3,24623.5,24616.0,24620.85,0
1785993840,24621.45,24628.85,24618.1,24628.05,0
1785993900,24629.4,24629.95,24625.35,24627.7,0
1785993960,24628.75,24633.35,24623.4,24633.25,0
1785994020,24633.45,24640.6,24632.9,24633.5,0
1785994080,24634.65,24637.2,24629.35,24630.65,0
1785994140,24631.55,24634.0,24623.7,24630.7,0
1785994200,24630.9,24634.7,24626.6,24631.7,0
1785994260,24631.5,24631.65,24626.2,24627.4,0
1785994320,24627.75,24630.9,24621.6,24623.8,0
1785994380,24624.4,24633.35,24623.75,24631.0,0
1785994440,24631.1,24633.95,24628.45,24629.75,0
1785994500,24629.9,24637.9,24628.8,24628.8,0
1785994560,24630.0,24633.9,24628.95,24630.8,0
1785994620,24631.4,24637.05,24629.3,24632.75,0
1785994680,24632.95,24635.4,24629.15,24632.9,0
1785994740,24633.15,24639.6,24632.1,24638.35,0
1785994800,24639.0,24643.55,24637.8,24642.35,0
1785994860,24642.5,24645.6,24639.0,24645.2,0
1785994920,24645.55,24649.6,24644.4,24646.6,0
1785994980,24647.7,24650.95,24646.85,24650.2,0
1785995040,24650.45,24655.6,24648.8,24652.45,0
1785995100,24653.8,24656.35,24652.0,24654.55,0
1785995160,24655.15,24655.5,24648.2,24648.55,0
1785995220,24649.85,24657.7,24647.9,24653.1,0
1785995280,24653.0,24660.65,24652.8,24659.6,0
1785995340,24660.35,24666.3,24660.05,24663.9,0
1785995400,24664.6,24669.8,24663.85,24667.2,0
1785995460,24667.2,24670.15,24665.9,24667.45,0
1785995520,24667.3,24668.7,24664.1,24666.8,0
1785995580,24666.75,24669.9,24666.0,24666.05,0
1785995640,24666.9,24669.9,24666.2,24669.65,0
1785995700,24669.95,24674.3,24667.55,24673.45,0
1785995760,24672.7,24674.75,24667.9,24668.35,0
1785995820,24669.15,24672.4,24663.85,24667.3,0
1785995880,24667.25,24674.4,24664.85,24670.75,0
1785995940,24671.35,24674.8,24669.75,24672.55,0
1785996000,24674.0,24676.8,24671.5,24673.8,0
1785996060,24673.35,24675.25,24662.2,24663.2,0
1785996120,24664.75,24667.65,24662.0,24662.65,0
1785996180,24662.9,24667.2,24659.4,24661.8,0
1785996240,24662.0,24663.1,24658.6,24659.75,0
1785996300,24660.65,24661.7,24656.6,24659.0,0
1785996360,24659.2,24663.4,24656.5,24656.5,0
1785996420,24657.65,24657.65,24652.8,24653.2,0
1785996480,24652.9,24656.7,24652.0,24654.1,0
1785996540,24654.9,24656.95,24650.65,24651.5,0
1785996600,24651.65,24656.55,24649.45,24649.45,0
1785996660,24650.35,24652.3,24644.0,24644.3,0
1785996720,24645.8,24649.6,24634.95,24636.15,0
1785996780,24637.25,24637.65,24628.95,24631.65,0
1785996840,24632.3,24636.95,24631.25,24633.65,0
1785996900,24633.75,24634.6,24626.9,24631.15,0
1785996960,24631.5,24635.9,24630.5,24632.7,0
1785997020,24632.8,24635.05,24628.95,24629.8,0
1785997080,24630.95,24634.85,24630.1,24632.8,0
1785997140,24633.55,24636.35,24630.8,24635.45,0
1785997200,24635.65,24642.5,24635.65,24641.05,0
1785997260,24641.25,24645.65,24641.2,24644.25,0
1785997320,24644.8,24649.6,24643.2,24648.2,0
1785997380,24648.9,24650.75,24645.8,24646.4,0
1785997440,24647.7,24649.3,24645.2,24645.3,0
1785997500,24646.15,24650.7,24644.7,24647.4,0
1785997560,24647.4,24654.25,24646.5,24653.75,0
1785997620,24653.6,24661.0,24650.8,24660.0,0
1785997680,24660.45,24662.75,24655.8,24660.35,0
1785997740,24660.85,24664.35,24657.55,24659.9,0
1785997800,24660.55,24661.8,24654.6,24654.7,0
1785997860,24655.75,24657.95,24652.85,24656.6,0
1785997920,24657.15,24661.45,24656.1,24658.55,0
1785997980,24658.3,24660.9,24656.35,24657.45,0
1785998040,24657.7,24657.85,24653.4,24654.7,0
1785998100,24655.25,24657.65,24652.5,24653.65,0
1785998160,24654.35,24656.4,24650.65,24651.55,0
1785998220,24651.9,24655.9,24649.0,24653.55,0
1785998280,24653.7,24655.55,24649.35,24650.5,0
1785998340,24651.35,24652.5,24648.9,24651.65,0
1785998400,24651.7,24651.8,24647.15,24648.8,0
1785998460,24649.05,24651.1,24646.05,24647.4,0
1785998520,24646.9,24651.05,24645.6,24648.0,0
1785998580,24648.25,24649.65,24644.75,24645.5,0
1785998640,24645.45,24650.0,24638.3,24643.05,0
1785998700,24643.15,24652.1,24643.15,24649.25,0
1785998760,24649.7,24659.75,24649.35,24654.15,0
1785998820,24653.35,24658.8,24651.5,24656.85,0
1785998880,24656.85,24660.75,24654.05,24656.0,0
1785998940,24656.55,24656.75,24645.5,24646.35,0
1785999000,24646.5,24646.7,24640.25,24642.05,0
1785999060,24642.45,24642.45,24634.45,24635.9,0
1785999120,24635.85,24636.35,24630.2,24630.2,0
1785999180,24631.1,24633.6,24627.2,24632.1,0
1785999240,24632.35,24637.0,24632.1,24635.55,0
1785999300,24635.6,24637.65,24630.85,24637.05,0
1785999360,24637.0,24641.7,24635.15,24636.55,0
1785999420,24637.05,24640.9,24634.7,24635.0,0
1785999480,24635.6,24637.95,24633.25,24635.85,0
1785999540,24636.0,24637.05,24631.15,24637.05,0
1785999600,24637.35,24641.2,24636.4,24640.75,0
1785999660,24640.75,24645.25,24638.65,24641.45,0
1785999720,24641.55,24648.55,24640.7,24645.0,0
1785999780,24644.8,24645.9,24638.35,24641.2,0
1785999840,24641.75,24646.7,24641.6,24645.3,0
1785999900,24645.9,24649.45,24644.35,24647.4,0
1785999960,24647.95,24648.0,24640.45,24644.8,0
1786000020,24645.0,24646.2,24642.0,24643.3,0
1786000080,24643.95,24644.65,24639.35,24640.95,0
1786000140,24641.55,24644.75,24640.15,24642.65,0
1786000200,24643.6,24651.1,24641.85,24646.35,0
1786000260,24647.15,24647.15,24638.8,24640.25,0
1786000320,24641.45,24644.4,24639.65,24642.8,0
1786000380,24642.2,24646.15,24641.95,24644.75,0
1786000440,24645.8,24645.95,24641.35,24645.55,0
1786000500,24646.25,24648.45,24643.1,24647.65,0
1786000560,24647.1,24647.8,24640.75,24641.0,0
1786000620,24642.15,24646.85,24641.75,24644.05,0
1786000680,24644.7,24646.95,24637.6,24639.0,0
1786000740,24639.55,24643.45,24634.2,24636.3,0
1786000800,24636.8,24640.05,24634.45,24637.2,0
1786000860,24636.25,24640.15,24634.85,24637.55,0
1786000920,24638.25,24641.8,24637.75,24639.35,0
1786000980,24639.85,24640.5,24631.1,24632.3,0
1786001040,24632.1,24633.7,24627.85,24632.0,0
1786001100,24631.95,24633.6,24626.95,24629.55,0
1786001160,24629.9,24631.55,24625.1,24625.75,0
1786001220,24625.4,24631.25,24622.05,24630.25,0
1786001280,24630.3,24636.25,24628.1,24630.8,0
1786001340,24630.5,24634.2,24628.55,24629.4,0
1786001400,24629.05,24636.75,24628.35,24635.95,0
1786001460,24636.1,24638.0,24630.6,24634.35,0
1786001520,24635.4,24644.85,24633.5,24643.45,0
1786001580,24643.4,24649.5,24642.6,24648.5,0
1786001640,24648.85,24650.95,24640.95,24641.6,0
1786001700,24642.55,24645.25,24636.55,24644.95,0
1786001760,24645.45,24647.25,24635.7,24636.35,0
1786001820,24637.5,24638.85,24630.1,24633.55,0
1786001880,24633.75,24634.15,24622.45,24625.05,0
1786001940,24626.25,24628.5,24624.35,24626.75,0
1786002000,24627.15,24629.55,24624.95,24626.3,0
1786002060,24626.35,24632.6,24624.95,24631.05,0
1786002120,24631.5,24644.05,24626.55,24629.0,0
1786002180,24628.75,24630.45,24626.25,24626.6,0
1786002240,24627.95,24627.95,24621.25,24622.2,0
1786002300,24623.0,24623.0,24611.85,24618.75,0
1786002360,24619.65,24637.55,24619.5,24636.65,0
1786002420,24636.95,24642.25,24636.35,24639.75,0
1786002480,24640.5,24653.45,24639.65,24643.75,0
1786002540,24644.75,24652.55,24642.65,24651.6,0
1786002600,24651.8,24655.9,24638.65,24638.65,0
1786002660,24640.65,24643.4,24637.5,24638.4,0
1786002720,24639.1,24639.1,24629.1,24630.95,0
1786002780,24631.75,24632.95,24624.0,24625.0,0
1786002840,24625.25,24625.5,24617.9,24618.9,0
1786002900,24619.5,24622.2,24617.55,24618.55,0
1786002960,24620.45,24624.9,24615.95,24624.75,0
1786003020,24622.95,24629.55,24622.9,24629.55,0
1786003080,24629.85,24631.15,24627.45,24628.85,0
1786003140,24629.6,24633.45,24622.55,24625.6,0
1786003200,24628.0,24634.75,24628.0,24630.2,0
1786003260,24630.9,24633.85,24628.35,24633.45,0
1786003320,24632.75,24634.8,24629.25,24633.15,0
1786003380,24632.8,24643.05,24632.7,24641.55,0
1786003440,24641.45,24643.4,24636.9,24640.7,0
1786003500,24641.5,24648.05,24637.2,24646.0,0
1786003560,24646.85,24654.95,24645.1,24652.75,0
1786003620,24653.8,24659.65,24652.1,24652.8,0
1786003680,24653.15,24653.15,24630.5,24634.25,0
1786003740,24635.4,24637.75,24629.9,24633.8,0
1786003800,24633.45,24637.2,24629.65,24636.0,0
1786003860,24637.0,24641.15,24635.0,24636.65,0
1786003920,24638.5,24638.5,24628.15,24628.55,0
1786003980,24629.65,24633.7,24626.95,24628.95,0
1786004040,24629.6,24634.0,24626.0,24633.05,0
1786004100,24634.55,24636.1,24629.95,24630.65,0
1786004160,24631.4,24633.45,24626.8,24627.8,0
1786004220,24628.4,24628.65,24613.9,24613.9,0
1786004280,24614.8,24619.75,24613.75,24617.65,0
1786004340,24618.55,24618.65,24613.35,24613.8,0
1786004400,24613.6,24615.25,24608.7,24608.7,0
1786004460,24609.25,24624.95,24606.9,24620.2,0
1786004520,24621.6,24632.6,24620.55,24630.35,0
1786004580,24631.95,24632.8,24626.25,24630.15,0
1786004640,24631.35,24632.95,24627.65,24628.75,0
1786004700,24629.25,24631.55,24627.25,24629.4,0
1786004760,24631.05,24632.55,24627.4,24628.85,0
1786004820,24630.5,24631.15,24625.6,24627.65,0
1786004880,24629.45,24629.5,24620.8,24621.4,0
1786004940,24624.5,24649.75,24621.35,24645.85,0
1786005000,24647.25,24649.5,24637.75,24638.75,0
1786005060,24639.4,24640.5,24634.1,24636.65,0
1786005120,24636.3,24642.8,24635.9,24638.75,0
1786005180,24639.7,24645.4,24637.45,24642.85,0
1786005240,24644.15,24651.25,24643.15,24648.05,0
1786005300,24647.75,24652.45,24646.9,24652.15,0
1786005360,24652.0,24655.05,24650.0,24651.95,0
1786005420,24653.4,24656.65,24650.1,24655.45,0
1786005480,24655.2,24656.35,24650.5,24653.85,0
1786005540,24653.7,24654.7,24647.6,24649.2,0
1786005600,24650.0,24653.05,24648.2,24651.4,0
1786005660,24652.9,24655.45,24649.45,24653.55,0
1786005720,24653.2,24654.75,24649.15,24651.85,0
1786005780,24653.0,24658.5,24651.6,24656.9,0
1786005840,24657.15,24658.35,24649.8,24651.1,0
1786005900,24651.85,24655.25,24650.15,24652.7,0
1786005960,24653.3,24655.6,24651.0,24653.2,0
1786006020,24652.3,24656.7,24651.25,24655.6,0
1786006080,24655.55,24657.6,24654.45,24656.25,0
1786006140,24656.9,24657.65,24652.55,24654.3,0
1786006200,24654.5,24658.75,24653.05,24655.6,0
1786006260,24657.75,24657.75,24649.35,24652.2,0
1786006320,24654.0,24657.75,24651.45,24656.1,0
1786006380,24657.05,24657.15,24652.3,24654.75,0
1786006440,24655.8,24658.55,24654.2,24657.5,0
1786006500,24657.5,24659.35,24654.6,24657.3,0
1786006560,24657.1,24662.8,24655.95,24661.35,0
1786006620,24661.55,24662.35,24657.0,24659.85,0
1786006680,24660.45,24660.6,24655.35,24656.55,0
1786006740,24657.25,24657.25,24651.5,24655.3,0
1786006800,24654.9,24656.3,24649.2,24650.95,0
1786006860,24651.1,24651.1,24634.25,24640.8,0
1786006920,24641.9,24659.45,24639.4,24654.45,0
1786006980,24654.4,24654.6,24647.1,24647.55,0
1786007040,24647.7,24649.9,24646.4,24649.15,0
1786007100,24649.3,24652.8,24648.4,24652.2,0
1786007160,24651.45,24653.6,24646.4,24649.4,0
1786007220,24650.0,24651.55,24645.9,24648.1,0
1786007280,24648.65,24649.15,24644.85,24647.0,0
1786007340,24647.4,24649.55,24641.75,24644.2,0
1786007400,24643.6,24645.7,24632.65,24635.25,0
1786007460,24635.6,24641.7,24633.1,24641.7,0
1786007520,24641.45,24652.65,24640.0,24642.1,0
1786007580,24643.45,24644.2,24634.8,24637.3,0
1786007640,24636.8,24641.7,24634.2,24638.35,0
1786007700,24639.55,24643.5,24636.7,24640.3,0
1786007760,24639.0,24640.05,24634.5,24637.2,0
1786007820,24637.35,24642.1,24636.4,24641.75,0
1786007880,24641.3,24643.5,24640.05,24642.7,0
1786007940,24643.4,24647.55,24642.0,24644.65,0
1786008000,24644.55,24645.8,24640.65,24642.75,0
1786008060,24642.95,24645.2,24640.95,24643.15,0
1786008120,24643.6,24645.1,24638.8,24639.9,0
1786008180,24640.0,24640.0,24634.7,24636.25,0
1786008240,24636.4,24637.95,24634.05,24636.25,0
1786008300,24636.15,24636.15,24629.45,24631.6,0
1786008360,24632.85,24633.75,24630.25,24633.2,0
1786008420,24633.1,24635.0,24631.7,24633.75,0
1786008480,24634.7,24635.9,24629.35,24634.15,0
1786008540,24635.45,24636.2,24629.6,24633.0,0
1786008600,24633.2,24641.75,24629.3,24641.75,0
1786008660,24642.05,24642.05,24635.6,24638.0,0
1786008720,24638.75,24638.85,24630.2,24631.8,0
1786008780,24631.8,24632.0,24615.7,24618.25,0
1786008840,24618.7,24624.25,24614.7,24621.45,0
1786008900,24621.7,24627.45,24617.5,24623.1,0
1786008960,24624.05,24624.75,24616.7,24624.75,0
1786009020,24624.75,24629.4,24620.65,24627.9,0
1786009080,24627.35,24639.0,24619.8,24635.65,0
1786009140,24637.85,24637.85,24625.15,24628.2,0
1786009200,24628.65,24629.4,24622.25,24625.25,0
1786009260,24625.45,24626.85,24621.2,24623.3,0
1786009320,24622.55,24632.65,24619.2,24629.45,0
1786009380,24629.05,24631.95,24627.5,24628.4,0
1786009440,24628.55,24636.6,24622.6,24632.65,0
1786009500,24628.5,24628.5,24627.95,24627.95,0
1786009560,24627.95,24627.95,24627.95,24627.95,0
1786009620,24627.95,24627.95,24627.95,24627.95,0
1786009680,24627.95,24627.95,24627.95,24627.95,0
1786009740,24627.95,24627.95,24627.95,24627.95,0
1786009800,24627.95,24627.95,24627.95,24627.95,0
1786009860,24627.95,24627.95,24627.95,24627.95,0
1786009920,24627.95,24627.95,24627.95,24627.95,0
1786009980,24627.95,24627.95,24627.95,24627.95,0
1786010040,24627.95,24627.95,24627.95,24627.95,0
1786010100,24627.95,24627.95,24627.95,24627.95,0
1786010160,24627.95,24627.95,24627.95,24627.95,0
1786010220,24627.95,24627.95,24627.95,24627.95,0
1786010280,24627.95,24636.0,24627.95,24636.0,0
1786010340,24636.0,24636.0,24636.0,24636.0,0
1786010400,24636.0,24636.0,24636.0,24636.0,0
1786074300,24535.05,24591.45,24535.05,24585.4,0
1786074360,24587.6,24597.7,24577.3,24593.9,0
1786074420,24595.5,24600.9,24579.0,24581.2,0
1786074480,24583.05,24592.9,24578.95,24591.15,0
1786074540,24593.9,24594.95,24587.95,24592.25,0
1786074600,24592.2,24599.2,24584.75,24597.95,0
1786074660,24599.35,24600.55,24593.4,24594.85,0
1786074720,24596.85,24607.0,24595.9,24606.15,0
1786074780,24606.65,24617.8,24603.5,24613.65,0
1786074840,24616.25,24620.0,24611.55,24611.7,0
1786074900,24613.3,24614.2,24600.55,24610.4,0
1786074960,24611.6,24614.65,24609.3,24609.3,0
1786075020,24611.45,24612.45,24604.2,24609.1,0
1786075080,24610.55,24610.9,24604.2,24604.4,0
1786075140,24604.7,24606.15,24600.5,24601.6,0
1786075200,24604.0,24604.75,24594.65,24594.65,0
1786075260,24596.9,24599.65,24593.25,24595.45,0
1786075320,24597.85,24611.95,24595.55,24608.95,0
1786075380,24610.7,24610.75,24602.95,24603.75,0
1786075440,24605.45,24606.15,24596.4,24601.7,0
1786075500,24602.65,24605.0,24598.4,24603.55,0
1786075560,24605.55,24607.4,24602.8,24606.1,0
1786075620,24607.35,24607.35,24598.8,24601.4,0
1786075680,24604.7,24608.8,24600.45,24606.2,0
1786075740,24607.8,24608.75,24603.35,24604.65,0
1786075800,24605.8,24611.4,24602.1,24607.15,0
1786075860,24606.05,24606.25,24598.3,24600.15,0
1786075920,24602.3,24606.55,24599.2,24603.65,0
1786075980,24605.8,24608.7,24602.6,24608.6,0
1786076040,24608.4,24618.65,24607.8,24618.2,0
1786076100,24620.15,24620.15,24612.65,24616.0,0
1786076160,24617.65,24617.65,24607.05,24608.45,0
1786076220,24608.05,24610.35,24600.8,24601.9,0
1786076280,24602.25,24610.15,24602.25,24608.8,0
1786076340,24610.9,24611.7,24606.35,24611.1,0
1786076400,24610.95,24617.75,24610.95,24616.45,0
1786076460,24619.45,24622.25,24615.95,24620.9,0
1786076520,24622.8,24625.8,24617.2,24618.75,0
1786076580,24621.8,24621.8,24618.65,24619.65,0
1786076640,24619.6,24624.5,24618.75,24622.15,0
1786076700,24622.25,24627.55,24622.25,24626.15,0
1786076760,24628.3,24628.3,24619.15,24619.4,0
1786076820,24619.85,24624.8,24619.45,24620.2,0
1786076880,24622.25,24627.75,24617.95,24626.8,0
1786076940,24627.95,24629.8,24624.75,24625.8,0
1786077000,24627.05,24627.05,24620.6,24622.7,0
1786077060,24623.85,24623.85,24615.8,24617.65,0
1786077120,24617.7,24621.55,24611.85,24612.1,0
1786077180,24614.3,24614.3,24607.5,24609.0,0
1786077240,24608.7,24614.2,24607.55,24613.55,0
1786077300,24613.8,24616.3,24610.35,24613.25,0
1786077360,24612.85,24616.45,24610.2,24614.55,0
1786077420,24616.55,24618.55,24614.15,24617.2,0
1786077480,24618.75,24618.75,24612.4,24613.05,0
1786077540,24613.7,24615.6,24609.7,24613.2,0
1786077600,24613.65,24614.9,24609.5,24609.9,0
1786077660,24611.05,24611.05,24602.55,24602.85,0
1786077720,24604.5,24605.75,24598.25,24599.2,0
1786077780,24600.4,24600.4,24594.0,24596.05,0
1786077840,24599.25,24600.3,24595.45,24599.15,0
1786077900,24601.65,24601.65,24591.75,24592.55,0
1786077960,24592.85,24595.35,24592.4,24593.7,0
1786078020,24595.7,24595.7,24590.0,24590.75,0
1786078080,24593.05,24593.05,24573.4,24574.85,0
1786078140,24574.8,24578.95,24570.8,24577.15,0
1786078200,24579.1,24583.0,24576.85,24578.15,0
1786078260,24580.7,24587.0,24578.15,24585.9,0
1786078320,24587.8,24587.8,24579.45,24580.0,0
1786078380,24580.55,24582.25,24570.9,24572.5,0
1786078440,24573.95,24576.2,24572.1,24574.6,0
1786078500,24577.0,24577.0,24571.8,24574.3,0
1786078560,24573.8,24576.65,24570.95,24571.65,0
1786078620,24572.5,24572.5,24567.65,24568.3,0
1786078680,24570.45,24572.8,24566.6,24567.7,0
1786078740,24567.6,24569.5,24562.95,24566.55,0
1786078800,24567.85,24567.95,24563.65,24565.9,0
1786078860,24569.2,24569.2,24561.3,24562.6,0
1786078920,24562.85,24568.85,24561.35,24567.25,0
1786078980,24567.25,24572.0,24564.9,24571.2,0
1786079040,24572.95,24572.95,24569.3,24571.15,0
1786079100,24571.3,24574.4,24569.7,24573.1,0
1786079160,24574.6,24574.6,24569.35,24569.9,0
1786079220,24572.15,24572.55,24568.3,24570.75,0
1786079280,24572.4,24572.8,24566.7,24571.95,0
1786079340,24572.0,24576.0,24570.8,24574.75,0
1786079400,24574.85,24576.6,24569.1,24570.65,0
1786079460,24570.4,24572.2,24568.75,24568.75,0
1786079520,24568.55,24571.35,24563.95,24564.85,0
1786079580,24567.6,24571.95,24564.4,24568.45,0
1786079640,24570.0,24571.9,24565.85,24569.5,0
1786079700,24572.15,24573.9,24569.65,24572.55,0
1786079760,24573.3,24579.05,24569.4,24575.55,0
1786079820,24575.75,24580.35,24573.8,24578.8,0
1786079880,24578.85,24582.85,24578.1,24582.05,0
1786079940,24583.6,24583.9,24577.25,24577.45,0
1786080000,24577.1,24579.65,24574.1,24577.55,0
1786080060,24578.05,24579.6,24575.0,24576.3,0
1786080120,24579.1,24579.1,24572.55,24576.5,0
1786080180,24576.55,24586.5,24576.3,24583.3,0
1786080240,24584.7,24585.0,24580.75,24582.2,0
1786080300,24583.85,24585.6,24582.05,24584.65,0
1786080360,24586.05,24586.05,24582.15,24583.3,0
1786080420,24585.4,24585.4,24579.25,24580.95,0
1786080480,24582.1,24584.45,24577.1,24577.9,0
1786080540,24579.8,24579.8,24569.5,24570.35,0
1786080600,24572.15,24575.25,24569.55,24573.1,0
1786080660,24575.05,24575.05,24566.0,24569.2,0
1786080720,24571.05,24573.15,24568.65,24570.2,0
1786080780,24572.2,24572.2,24554.25,24554.6,0
1786080840,24555.65,24558.4,24552.25,24555.05,0
1786080900,24555.8,24564.05,24555.15,24563.45,0
1786080960,24565.55,24569.75,24563.0,24565.9,0
1786081020,24565.7,24568.3,24561.7,24563.85,0
1786081080,24563.65,24570.9,24563.65,24568.55,0
1786081140,24570.75,24570.75,24565.35,24567.2,0
1786081200,24568.9,24571.1,24566.9,24569.3,0
1786081260,24570.9,24570.9,24566.7,24567.15,0
1786081320,24567.35,24568.9,24565.2,24566.35,0
1786081380,24566.45,24570.1,24565.95,24566.65,0
1786081440,24569.45,24570.3,24565.45,24567.5,0
1786081500,24567.6,24569.1,24563.5,24563.5,0
1786081560,24565.0,24566.6,24562.0,24562.0,0
1786081620,24562.15,24565.25,24560.4,24560.65,0
1786081680,24563.45,24563.55,24558.45,24560.5,0
1786081740,24560.5,24563.75,24559.9,24562.65,0
1786081800,24564.95,24566.35,24561.15,24564.55,0
1786081860,24566.1,24570.85,24564.55,24570.5,0
1786081920,24570.65,24574.4,24566.2,24567.25,0
1786081980,24569.6,24572.05,24567.05,24571.8,0
1786082040,24573.55,24577.55,24572.25,24576.25,0
1786082100,24578.7,24582.9,24575.1,24579.35,0
1786082160,24581.05,24585.95,24579.9,24582.55,0
1786082220,24584.1,24587.85,24582.75,24585.85,0
1786082280,24586.2,24591.6,24584.85,24586.15,0
1786082340,24585.2,24590.55,24584.15,24584.8,0
1786082400,24584.75,24586.6,24580.8,24583.9,0
1786082460,24583.6,24585.7,24579.15,24580.45,0
1786082520,24583.1,24583.1,24575.1,24577.1,0
1786082580,24576.4,24581.75,24576.4,24577.6,0
1786082640,24579.95,24580.4,24575.75,24578.6,0
1786082700,24579.3,24579.85,24576.5,24578.05,0
1786082760,24579.65,24580.0,24576.1,24576.9,0
1786082820,24578.3,24581.75,24577.2,24580.95,0
1786082880,24582.05,24587.6,24580.85,24586.05,0
1786082940,24587.85,24589.5,24584.8,24585.7,0
1786083000,24587.05,24587.05,24581.35,24583.5,0
1786083060,24584.45,24584.5,24580.2,24580.95,0
1786083120,24583.15,24585.2,24579.6,24583.2,0
1786083180,24585.7,24585.7,24579.95,24581.25,0
1786083240,24582.55,24583.2,24579.0,24579.35,0
1786083300,24581.5,24581.5,24577.25,24579.65,0
1786083360,24581.05,24581.9,24576.85,24577.1,0
1786083420,24578.7,24578.7,24569.95,24570.6,0
1786083480,24572.75,24572.75,24565.2,24565.2,0
1786083540,24566.35,24567.85,24563.15,24564.0,0
1786083600,24565.8,24565.8,24559.55,24560.4,0
1786083660,24562.45,24562.45,24552.9,24554.5,0
1786083720,24556.05,24558.9,24552.4,24553.75,0
1786083780,24556.0,24556.0,24550.65,24553.3,0
1786083840,24555.2,24557.35,24553.15,24556.45,0
1786083900,24557.2,24560.35,24555.35,24555.35,0
1786083960,24558.75,24560.9,24556.55,24558.8,0
1786084020,24559.95,24560.65,24555.85,24556.7,0
1786084080,24558.7,24558.75,24555.95,24557.55,0
1786084140,24559.15,24561.0,24556.35,24560.8,0
1786084200,24560.95,24563.45,24558.85,24560.7,0
1786084260,24562.85,24562.85,24556.6,24556.6,0
1786084320,24559.1,24559.1,24553.0,24553.9,0
1786084380,24555.5,24555.8,24552.15,24553.0,0
1786084440,24554.5,24556.7,24551.75,24552.5,0
1786084500,24554.5,24555.5,24548.25,24550.4,0
1786084560,24552.0,24553.55,24547.95,24551.0,0
1786084620,24553.3,24553.3,24549.85,24550.7,0
1786084680,24552.05,24552.55,24547.65,24549.05,0
1786084740,24549.95,24552.0,24545.75,24551.45,0
1786084800,24552.55,24553.1,24548.45,24548.9,0
1786084860,24549.85,24549.85,24546.95,24548.3,0
1786084920,24550.15,24551.75,24546.6,24547.7,0
1786084980,24548.75,24551.25,24542.85,24543.35,0
1786085040,24544.45,24544.55,24540.15,24541.15,0
1786085100,24543.3,24543.3,24536.5,24537.05,0
1786085160,24538.8,24538.8,24534.2,24536.25,0
1786085220,24536.05,24538.0,24532.9,24535.0,0
1786085280,24536.3,24539.65,24533.45,24535.9,0
1786085340,24537.3,24539.9,24536.2,24537.9,0
1786085400,24538.5,24538.55,24534.15,24535.35,0
1786085460,24537.15,24543.7,24534.6,24543.15,0
1786085520,24544.7,24546.95,24541.6,24542.65,0
1786085580,24544.1,24544.2,24539.8,24540.75,0
1786085640,24543.05,24543.05,24537.45,24538.1,0
1786085700,24540.9,24545.2,24536.2,24544.85,0
1786085760,24547.0,24554.1,24544.8,24554.05,0
1786085820,24555.85,24558.1,24552.4,24554.95,0
1786085880,24557.65,24558.4,24554.15,24556.2,0
1786085940,24558.25,24558.25,24549.4,24550.0,0
1786086000,24551.75,24552.25,24544.8,24545.85,0
1786086060,24547.4,24550.1,24544.8,24548.45,0
1786086120,24548.75,24553.0,24548.25,24550.35,0
1786086180,24552.65,24553.1,24548.85,24552.2,0
1786086240,24553.1,24561.05,24551.3,24559.55,0
1786086300,24562.3,24562.4,24557.15,24558.6,0
1786086360,24560.25,24560.55,24555.9,24557.4,0
1786086420,24558.9,24560.35,24556.8,24558.4,0
1786086480,24560.7,24560.7,24556.5,24558.75,0
1786086540,24561.2,24562.45,24558.95,24560.05,0
1786086600,24562.45,24562.45,24556.35,24556.35,0
1786086660,24557.95,24558.25,24554.35,24556.45,0
1786086720,24556.25,24561.3,24556.2,24556.65,0
1786086780,24559.1,24559.1,24552.6,24552.9,0
1786086840,24552.45,24559.45,24552.45,24557.25,0
1786086900,24557.05,24559.35,24554.65,24558.65,0
1786086960,24558.5,24565.65,24558.4,24564.9,0
1786087020,24567.65,24570.05,24565.6,24566.4,0
1786087080,24568.45,24568.45,24563.2,24564.15,0
1786087140,24566.55,24569.75,24563.1,24567.0,0
1786087200,24568.5,24568.55,24563.35,24564.2,0
1786087260,24566.4,24566.85,24562.4,24563.15,0
1786087320,24565.15,24565.75,24559.15,24559.3,0
1786087380,24561.25,24561.25,24554.5,24558.05,0
1786087440,24558.2,24559.6,24555.3,24559.3,0
1786087500,24559.3,24560.9,24556.2,24556.85,0
1786087560,24558.8,24561.25,24556.35,24559.55,0
1786087620,24559.5,24560.5,24551.3,24553.25,0
1786087680,24553.1,24556.6,24551.7,24555.05,0
1786087740,24556.8,24557.6,24553.15,24553.65,0
1786087800,24556.25,24557.55,24552.3,24553.7,0
1786087860,24553.6,24556.6,24551.2,24552.9,0
1786087920,24552.1,24555.05,24551.75,24554.15,0
1786087980,24553.45,24555.2,24548.15,24549.4,0
1786088040,24549.25,24556.7,24549.25,24556.05,0
1786088100,24559.6,24560.0,24555.9,24558.0,0
1786088160,24557.85,24566.85,24557.55,24564.9,0
1786088220,24567.05,24567.25,24560.55,24563.75,0
1786088280,24564.5,24564.5,24558.6,24560.0,0
1786088340,24562.9,24562.9,24556.2,24557.8,0
1786088400,24557.9,24559.5,24553.3,24553.8,0
1786088460,24554.35,24562.45,24553.5,24559.9,0
1786088520,24559.9,24562.25,24558.3,24559.25,0
1786088580,24558.45,24561.3,24554.95,24555.25,0
1786088640,24559.25,24559.25,24546.7,24547.0,0
1786088700,24548.25,24555.05,24546.15,24552.45,0
1786088760,24553.45,24558.7,24551.7,24557.7,0
1786088820,24557.75,24560.25,24551.35,24552.15,0
1786088880,24551.75,24554.35,24547.65,24549.0,0
1786088940,24551.1,24553.05,24546.1,24546.45,0
1786089000,24549.15,24554.4,24546.15,24552.0,0
1786089060,24553.7,24556.95,24551.4,24552.6,0
1786089120,24555.35,24560.1,24553.35,24559.4,0
1786089180,24560.05,24564.3,24558.45,24561.75,0
1786089240,24563.7,24566.0,24559.9,24564.8,0
1786089300,24566.0,24569.6,24564.35,24566.55,0
1786089360,24568.45,24568.8,24564.75,24564.95,0
1786089420,24564.3,24568.75,24563.4,24567.9,0
1786089480,24567.55,24572.25,24566.3,24572.25,0
1786089540,24571.95,24573.5,24565.7,24566.0,0
1786089600,24565.95,24568.45,24563.05,24564.3,0
1786089660,24565.6,24566.65,24555.75,24557.35,0
1786089720,24559.3,24559.65,24548.35,24548.65,0
1786089780,24551.05,24552.9,24547.85,24550.8,0
1786089840,24550.65,24552.9,24545.7,24547.75,0
1786089900,24549.0,24550.5,24545.85,24548.8,0
1786089960,24551.3,24554.4,24547.45,24553.35,0
1786090020,24552.75,24558.15,24552.75,24552.75,0
1786090080,24554.2,24554.2,24548.15,24549.05,0
1786090140,24550.15,24550.65,24545.35,24547.8,0
1786090200,24547.55,24551.0,24545.7,24547.85,0
1786090260,24549.0,24550.4,24545.95,24548.85,0
1786090320,24549.6,24552.3,24545.85,24546.9,0
1786090380,24549.05,24549.55,24545.85,24547.2,0
1786090440,24548.7,24549.65,24546.25,24548.5,0
1786090500,24550.7,24555.75,24547.7,24551.8,0
1786090560,24552.85,24568.25,24547.9,24567.8,0
1786090620,24568.25,24573.25,24557.7,24561.45,0
1786090680,24563.95,24569.55,24562.15,24565.4,0
1786090740,24567.85,24574.85,24564.05,24573.55,0
1786090800,24573.45,24581.5,24569.0,24578.7,0
1786090860,24581.05,24587.6,24578.25,24584.6,0
1786090920,24587.0,24588.7,24581.85,24585.1,0
1786090980,24584.95,24590.5,24580.65,24580.65,0
1786091040,24580.45,24582.65,24570.4,24571.2,0
1786091100,24572.6,24574.0,24565.3,24566.6,0
1786091160,24567.2,24573.85,24562.85,24571.5,0
1786091220,24573.15,24573.15,24550.2,24552.9,0
1786091280,24554.3,24557.75,24549.45,24555.7,0
1786091340,24558.25,24565.2,24555.7,24563.6,0
1786091400,24563.95,24575.85,24563.95,24572.2,0
1786091460,24574.6,24579.65,24570.5,24574.15,0
1786091520,24575.75,24575.75,24561.95,24564.1,0
1786091580,24565.9,24566.1,24554.25,24555.8,0
1786091640,24556.85,24557.05,24549.85,24553.55,0
1786091700,24554.85,24559.15,24553.4,24557.9,0
1786091760,24557.05,24557.9,24537.45,24538.1,0
1786091820,24539.0,24542.25,24532.1,24540.35,0
1786091880,24540.55,24543.35,24538.0,24540.25,0
1786091940,24541.7,24542.05,24537.15,24538.2,0
1786092000,24539.2,24541.45,24536.7,24538.5,0
1786092060,24539.25,24539.25,24530.35,24531.5,0
1786092120,24533.8,24533.8,24524.4,24527.35,0
1786092180,24529.55,24530.4,24522.9,24528.8,0
1786092240,24530.55,24531.4,24526.55,24526.85,0
1786092300,24528.8,24529.45,24523.15,24528.1,0
1786092360,24530.45,24538.3,24527.75,24535.8,0
1786092420,24537.3,24542.25,24533.75,24540.7,0
1786092480,24542.75,24542.95,24537.25,24539.15,0
1786092540,24542.25,24542.8,24534.35,24536.55,0
1786092600,24537.85,24542.55,24534.3,24540.55,0
1786092660,24542.7,24542.8,24538.35,24540.95,0
1786092720,24543.2,24543.2,24531.4,24533.7,0
1786092780,24534.95,24534.95,24529.2,24531.0,0
1786092840,24532.0,24542.75,24529.75,24541.3,0
1786092900,24544.6,24547.1,24539.7,24542.2,0
1786092960,24544.85,24545.1,24536.9,24541.75,0
1786093020,24541.5,24541.5,24536.95,24538.65,0
1786093080,24540.4,24541.05,24537.15,24539.45,0
1786093140,24539.6,24539.6,24532.95,24534.1,0
1786093200,24535.8,24536.4,24531.15,24532.5,0
1786093260,24532.65,24534.5,24526.15,24529.6,0
1786093320,24530.85,24535.15,24527.85,24534.35,0
1786093380,24535.85,24548.25,24534.5,24545.9,0
1786093440,24547.0,24549.6,24542.65,24543.55,0
1786093500,24543.45,24546.45,24541.7,24543.6,0
1786093560,24543.25,24545.75,24541.75,24543.75,0
1786093620,24545.25,24545.25,24537.55,24538.05,0
1786093680,24540.7,24542.55,24538.05,24539.0,0
1786093740,24540.5,24542.7,24535.05,24537.1,0
1786093800,24536.7,24540.35,24534.4,24538.4,0
1786093860,24539.0,24541.3,24531.15,24531.85,0
1786093920,24534.3,24540.6,24532.2,24538.85,0
1786093980,24540.25,24540.8,24536.75,24539.0,0
1786094040,24540.1,24541.4,24534.25,24537.9,0
1786094100,24542.5,24547.05,24537.5,24542.1,0
1786094160,24542.45,24551.95,24542.45,24550.7,0
1786094220,24551.45,24555.0,24547.65,24553.2,0
1786094280,24555.2,24557.5,24551.15,24553.85,0
1786094340,24554.5,24561.45,24553.35,24558.3,0
1786094400,24559.05,24561.0,24553.1,24556.15,0
1786094460,24556.05,24556.75,24546.25,24547.75,0
1786094520,24549.55,24550.05,24540.5,24540.65,0
1786094580,24542.15,24545.8,24540.25,24541.8,0
1786094640,24543.65,24544.15,24528.55,24531.75,0
1786094700,24531.95,24541.75,24531.8,24539.3,0
1786094760,24541.25,24541.25,24533.55,24536.7,0
1786094820,24536.9,24542.6,24536.9,24541.3,0
1786094880,24541.05,24547.1,24539.75,24545.6,0
1786094940,24545.6,24545.6,24538.8,24542.15,0
1786095000,24542.55,24546.65,24541.6,24545.7,0
1786095060,24545.2,24546.4,24541.8,24544.45,0
1786095120,24542.5,24548.6,24542.5,24545.95,0
1786095180,24546.35,24549.65,24545.2,24546.35,0
1786095240,24546.8,24552.45,24545.9,24550.15,0
1786095300,24551.0,24552.25,24547.15,24547.85,0
1786095360,24546.95,24552.05,24545.55,24549.35,0
1786095420,24550.6,24553.05,24549.1,24549.1,0
1786095480,24552.0,24553.65,24549.2,24550.6,0
1786095540,24551.15,24554.7,24544.65,24553.9,0
1786095600,24552.2,24564.2,24552.2,24557.95,0
1786095660,24556.75,24565.1,24555.8,24561.45,0
1786095720,24561.95,24564.5,24557.2,24557.85,0
1786095780,24557.95,24564.4,24557.1,24559.65,0
1786095840,24562.65,24562.65,24552.35,24558.95,0
1786095900,24554.55,24557.0,24554.55,24557.0,0
1786095960,24557.0,24557.0,24557.0,24557.0,0
1786096020,24557.0,24557.0,24557.0,24557.0,0
1786096080,24557.0,24557.0,24557.0,24557.0,0
1786096140,24557.0,24557.0,24557.0,24557.0,0
1786096200,24557.0,24557.0,24557.0,24557.0,0
1786096260,24557.0,24557.0,24557.0,24557.0,0
1786096320,24557.0,24557.0,24557.0,24557.0,0
1786096380,24557.0,24557.0,24557.0,24557.0,0
1786096440,24557.0,24557.0,24557.0,24557.0,0
1786096500,24557.0,24557.0,24557.0,24557.0,0
1786096560,24557.0,24557.0,24557.0,24557.0,0
1786096620,24557.0,24557.0,24557.0,24557.0,0
1786096680,24557.0,24557.0,24557.0,24557.0,0
1786096740,24557.0,24570.65,24557.0,24570.65,0
1786096800,24570.65,24570.65,24570.65,24570.65,0
1786333500,24584.05,24588.35,24559.6,24565.35,0
1786333560,24568.45,24584.9,24560.05,24579.45,0
1786333620,24579.35,24591.85,24575.65,24590.2,0
1786333680,24589.85,24600.7,24587.15,24599.4,0
1786333740,24599.4,24607.7,24597.5,24602.7,0
1786333800,24602.85,24620.55,24602.85,24609.65,0
1786333860,24610.35,24615.8,24608.3,24611.4,0
1786333920,24611.85,24614.7,24598.9,24600.8,0
1786333980,24602.35,24603.8,24595.05,24602.8,0
1786334040,24601.8,24604.05,24590.0,24590.35,0
1786334100,24589.95,24592.4,24584.3,24586.65,0
1786334160,24587.65,24590.65,24571.35,24571.35,0
1786334220,24571.75,24573.75,24563.0,24564.85,0
1786334280,24564.8,24566.65,24555.25,24564.65,0
1786334340,24566.4,24570.65,24555.9,24555.9,0
1786334400,24557.9,24560.9,24549.05,24550.7,0
1786334460,24551.2,24555.4,24542.35,24544.2,0
1786334520,24544.3,24549.45,24541.2,24548.3,0
1786334580,24548.65,24549.75,24538.0,24538.4,0
1786334640,24538.55,24541.25,24533.5,24534.35,0
1786334700,24534.25,24534.3,24518.4,24518.8,0
1786334760,24519.15,24536.15,24519.15,24529.1,0
1786334820,24528.4,24530.1,24511.3,24515.1,0
1786334880,24516.3,24529.2,24515.3,24526.25,0
1786334940,24528.15,24530.35,24523.7,24528.05,0
1786335000,24528.85,24529.3,24523.2,24527.7,0
1786335060,24528.65,24530.35,24523.0,24523.2,0
1786335120,24525.0,24525.7,24514.0,24515.25,0
1786335180,24514.5,24522.9,24512.95,24521.85,0
1786335240,24522.0,24523.8,24519.3,24521.15,0
1786335300,24521.75,24523.0,24518.45,24518.8,0
1786335360,24520.3,24526.65,24519.25,24522.65,0
1786335420,24522.75,24530.45,24522.75,24529.6,0
1786335480,24530.2,24538.8,24529.75,24530.7,0
1786335540,24531.2,24531.9,24525.55,24527.6,0
1786335600,24529.3,24540.65,24527.15,24540.5,0
1786335660,24541.3,24542.8,24530.9,24533.2,0
1786335720,24533.55,24539.65,24532.95,24536.5,0
1786335780,24536.9,24541.0,24524.65,24527.8,0
1786335840,24528.35,24532.05,24524.55,24527.9,0
1786335900,24528.25,24536.55,24525.2,24535.05,0
1786335960,24535.1,24536.5,24528.65,24529.35,0
1786336020,24530.35,24532.5,24525.05,24531.55,0
1786336080,24532.6,24538.2,24530.0,24530.5,0
1786336140,24531.05,24536.45,24530.1,24534.25,0
1786336200,24536.35,24542.15,24535.2,24537.05,0
1786336260,24537.5,24538.6,24530.25,24537.05,0
1786336320,24537.95,24545.85,24534.0,24544.7,0
1786336380,24545.85,24551.4,24543.8,24548.65,0
1786336440,24549.15,24550.5,24536.45,24538.5,0
1786336500,24540.6,24542.75,24535.45,24539.3,0
1786336560,24540.85,24544.65,24537.85,24541.75,0
1786336620,24542.35,24547.0,24541.4,24543.65,0
1786336680,24543.5,24545.05,24539.3,24540.85,0
1786336740,24542.1,24542.1,24532.45,24534.65,0
1786336800,24535.3,24538.3,24533.95,24534.3,0
1786336860,24533.75,24542.05,24533.75,24536.85,0
1786336920,24537.25,24540.2,24536.3,24536.7,0
1786336980,24538.25,24546.55,24538.25,24543.55,0
1786337040,24544.25,24547.7,24544.0,24544.75,0
1786337100,24545.9,24556.6,24545.6,24556.45,0
1786337160,24556.6,24563.55,24556.4,24561.25,0
1786337220,24562.0,24565.75,24561.05,24563.9,0
1786337280,24565.15,24571.55,24562.5,24569.8,0
1786337340,24570.5,24574.9,24569.3,24574.25,0
1786337400,24574.95,24578.5,24571.35,24577.0,0
1786337460,24578.15,24585.65,24577.7,24584.2,0
1786337520,24584.1,24586.45,24577.35,24582.15,0
1786337580,24582.3,24591.25,24581.0,24589.9,0
1786337640,24589.9,24593.8,24587.95,24592.55,0
1786337700,24594.35,24595.4,24586.15,24587.0,0
1786337760,24587.7,24588.0,24580.25,24582.35,0
1786337820,24582.5,24592.0,24581.5,24591.55,0
1786337880,24591.85,24593.25,24588.75,24589.25,0
1786337940,24590.05,24595.3,24589.9,24594.8,0
1786338000,24595.2,24600.2,24593.95,24597.05,0
1786338060,24598.25,24601.15,24594.4,24598.7,0
1786338120,24599.3,24599.35,24593.35,24594.3,0
1786338180,24594.85,24595.65,24589.3,24590.5,0
1786338240,24589.85,24591.6,24584.85,24585.55,0
1786338300,24586.0,24589.4,24585.5,24588.85,0
1786338360,24588.7,24594.75,24588.3,24591.75,0
1786338420,24591.85,24592.9,24589.2,24590.2,0
1786338480,24590.45,24592.15,24588.8,24590.95,0
1786338540,24590.9,24595.05,24590.65,24593.85,0
1786338600,24594.9,24598.95,24592.9,24595.6,0
1786338660,24597.0,24601.35,24596.05,24599.2,0
1786338720,24599.4,24599.65,24594.35,24595.9,0
1786338780,24596.3,24599.8,24593.65,24599.5,0
1786338840,24600.1,24605.35,24600.05,24603.65,0
1786338900,24604.1,24612.35,24601.5,24610.7,0
1786338960,24610.45,24614.5,24609.8,24610.5,0
1786339020,24611.55,24611.95,24603.5,24604.25,0
1786339080,24605.3,24609.0,24602.8,24606.45,0
1786339140,24606.4,24607.4,24600.15,24600.9,0
1786339200,24601.2,24603.05,24596.2,24596.65,0
1786339260,24597.1,24599.3,24594.2,24594.7,0
1786339320,24595.1,24596.7,24591.1,24591.9,0
1786339380,24592.2,24593.6,24587.6,24589.1,0
1786339440,24589.6,24590.0,24586.35,24588.0,0
1786339500,24588.4,24590.55,24586.25,24589.15,0
1786339560,24589.4,24590.1,24585.9,24589.0,0
1786339620,24589.45,24590.25,24586.2,24586.45,0
1786339680,24587.65,24590.9,24586.0,24587.7,0
1786339740,24588.7,24589.8,24585.85,24588.2,0
1786339800,24588.8,24593.25,24587.95,24593.25,0
1786339860,24594.2,24599.05,24592.8,24596.3,0
1786339920,24596.45,24598.0,24593.6,24593.6,0
1786339980,24593.85,24600.7,24593.45,24596.7,0
1786340040,24597.3,24601.05,24594.7,24600.75,0
1786340100,24600.2,24602.05,24596.7,24597.45,0
1786340160,24596.2,24598.75,24594.0,24597.75,0
1786340220,24597.85,24598.15,24593.85,24594.75,0
1786340280,24594.75,24595.25,24589.35,24593.95,0
1786340340,24594.0,24596.1,24589.85,24591.3,0
1786340400,24591.95,24594.45,24586.2,24590.6,0
1786340460,24591.1,24599.25,24589.75,24596.0,0
1786340520,24596.8,24597.3,24590.4,24591.9,0
1786340580,24594.15,24599.8,24593.65,24596.8,0
1786340640,24596.5,24602.7,24594.75,24602.35,0
1786340700,24602.9,24603.6,24598.2,24600.55,0
1786340760,24601.5,24602.9,24597.15,24598.35,0
1786340820,24598.55,24600.6,24592.65,24597.65,0
1786340880,24598.45,24599.9,24595.3,24596.3,0
1786340940,24596.65,24604.15,24594.4,24602.05,0
1786341000,24601.6,24607.7,24601.15,24604.15,0
1786341060,24604.1,24606.05,24598.4,24598.4,0
1786341120,24598.3,24603.8,24597.15,24602.0,0
1786341180,24602.35,24603.1,24599.0,24599.95,0
1786341240,24601.45,24605.15,24599.6,24601.15,0
1786341300,24601.25,24604.75,24600.2,24602.6,0
1786341360,24604.65,24608.5,24601.0,24602.8,0
1786341420,24602.55,24607.15,24600.3,24604.15,0
1786341480,24603.3,24610.3,24602.35,24609.3,0
1786341540,24608.4,24610.45,24602.35,24603.5,0
1786341600,24603.9,24604.95,24594.05,24594.05,0
1786341660,24594.65,24597.25,24589.9,24591.05,0
1786341720,24591.85,24592.55,24584.85,24586.05,0
1786341780,24586.5,24588.7,24583.15,24583.15,0
1786341840,24583.65,24586.05,24581.65,24585.4,0
1786341900,24585.85,24586.65,24581.05,24583.85,0
1786341960,24587.25,24592.2,24582.2,24590.65,0
1786342020,24591.9,24595.8,24586.5,24593.45,0
1786342080,24594.05,24598.65,24592.15,24596.4,0
1786342140,24597.4,24599.9,24594.65,24595.55,0
1786342200,24596.65,24600.75,24595.0,24598.2,0
1786342260,24598.9,24599.35,24593.95,24596.2,0
1786342320,24597.9,24597.9,24591.05,24593.0,0
1786342380,24594.1,24594.1,24587.9,24588.85,0
1786342440,24589.55,24589.55,24582.7,24583.15,0
1786342500,24583.5,24585.85,24578.1,24579.45,0
1786342560,24580.2,24584.05,24574.65,24584.05,0
1786342620,24584.8,24594.75,24581.8,24592.95,0
1786342680,24593.2,24598.0,24590.05,24597.15,0
1786342740,24598.3,24598.5,24590.75,24591.25,0
1786342800,24591.9,24596.0,24591.25,24593.6,0
1786342860,24593.7,24597.1,24592.4,24595.2,0
1786342920,24595.75,24599.2,24593.65,24598.9,0
1786342980,24599.4,24599.4,24592.9,24595.8,0
1786343040,24595.75,24597.2,24586.45,24586.45,0
1786343100,24587.65,24591.4,24585.85,24588.95,0
1786343160,24589.75,24597.5,24587.05,24592.7,0
1786343220,24593.1,24595.05,24584.8,24586.0,0
1786343280,24587.1,24587.6,24583.0,24584.55,0
1786343340,24585.85,24589.5,24584.05,24588.2,0
1786343400,24588.9,24589.15,24584.35,24584.8,0
1786343460,24586.9,24592.75,24584.25,24589.35,0
1786343520,24589.05,24594.4,24588.7,24592.05,0
1786343580,24592.8,24594.55,24590.55,24592.85,0
1786343640,24593.75,24596.25,24591.7,24594.2,0
1786343700,24595.25,24597.4,24591.5,24591.9,0
1786343760,24592.75,24595.45,24591.1,24592.65,0
1786343820,24593.8,24594.75,24588.95,24591.3,0
1786343880,24592.25,24594.3,24587.9,24590.2,0
1786343940,24590.75,24594.7,24589.05,24593.95,0
1786344000,24594.1,24601.1,24592.35,24599.0,0
1786344060,24599.85,24601.25,24592.8,24593.15,0
1786344120,24593.05,24601.3,24591.15,24599.6,0
1786344180,24599.55,24605.6,24599.1,24605.6,0
1786344240,24605.8,24609.9,24603.95,24606.8,0
1786344300,24606.6,24614.95,24604.55,24612.4,0
1786344360,24613.6,24618.3,24611.3,24616.75,0
1786344420,24617.4,24618.9,24614.15,24616.7,0
1786344480,24617.1,24618.9,24611.55,24612.6,0
1786344540,24613.4,24614.2,24606.45,24608.0,0
1786344600,24608.75,24613.95,24607.9,24608.85,0
1786344660,24608.6,24609.0,24602.65,24604.65,0
1786344720,24605.25,24611.45,24602.45,24611.4,0
1786344780,24612.05,24613.0,24605.4,24606.75,0
1786344840,24607.45,24607.5,24601.3,24602.0,0
1786344900,24602.8,24607.6,24602.05,24606.6,0
1786344960,24606.85,24608.1,24604.05,24605.05,0
1786345020,24605.0,24611.45,24603.75,24609.6,0
1786345080,24609.75,24614.35,24608.55,24611.55,0
1786345140,24612.8,24615.85,24608.3,24610.6,0
1786345200,24610.35,24616.9,24610.35,24614.6,0
1786345260,24614.55,24616.7,24611.25,24614.85,0
1786345320,24614.9,24616.25,24611.05,24613.2,0
1786345380,24612.5,24613.95,24608.1,24610.05,0
1786345440,24610.6,24612.3,24605.75,24609.3,0
1786345500,24609.4,24612.85,24607.1,24607.85,0
1786345560,24607.45,24608.8,24601.5,24603.45,0
1786345620,24603.5,24610.3,24602.05,24606.25,0
1786345680,24608.45,24614.65,24606.55,24612.05,0
1786345740,24612.25,24615.35,24609.25,24612.5,0
1786345800,24612.15,24614.45,24609.4,24611.2,0
1786345860,24610.55,24613.3,24608.85,24611.65,0
1786345920,24611.65,24612.65,24604.15,24608.3,0
1786345980,24607.55,24608.8,24602.7,24605.45,0
1786346040,24605.55,24606.9,24598.1,24598.25,0
1786346100,24599.4,24600.65,24595.65,24597.7,0
1786346160,24597.3,24599.3,24593.55,24596.45,0
1786346220,24596.2,24603.4,24595.75,24602.9,0
1786346280,24601.9,24603.75,24598.7,24599.2,0
1786346340,24599.0,24599.8,24593.45,24596.1,0
1786346400,24595.7,24598.85,24594.7,24598.0,0
1786346460,24597.55,24600.45,24595.45,24598.9,0
1786346520,24598.7,24599.35,24592.8,24594.55,0
1786346580,24595.0,24595.9,24589.05,24590.25,0
1786346640,24590.0,24592.2,24588.15,24591.05,0
1786346700,24591.85,24593.15,24585.4,24586.0,0
1786346760,24585.9,24589.35,24584.15,24586.4,0
1786346820,24586.4,24588.45,24583.75,24586.7,0
1786346880,24586.95,24589.1,24584.65,24587.9,0
1786346940,24587.65,24590.15,24586.05,24587.75,0
1786347000,24587.1,24589.0,24583.95,24584.1,0
1786347060,24584.1,24584.65,24577.9,24578.45,0
1786347120,24578.35,24585.75,24578.35,24583.7,0
1786347180,24583.8,24590.7,24582.25,24589.55,0
1786347240,24589.1,24592.2,24588.05,24589.95,0
1786347300,24589.75,24593.6,24589.75,24592.0,0
1786347360,24592.2,24596.0,24590.9,24591.85,0
1786347420,24591.3,24592.25,24582.8,24583.9,0
1786347480,24583.85,24588.25,24583.05,24584.0,0
1786347540,24583.95,24587.05,24577.7,24579.25,0
1786347600,24578.8,24582.4,24577.05,24577.25,0
1786347660,24577.4,24580.95,24577.25,24579.65,0
1786347720,24579.7,24583.0,24578.65,24580.85,0
1786347780,24580.5,24582.8,24574.15,24574.6,0
1786347840,24574.45,24576.05,24571.35,24573.55,0
1786347900,24573.1,24578.9,24573.1,24578.9,0
1786347960,24579.65,24587.1,24578.95,24586.1,0
1786348020,24585.5,24589.8,24584.35,24585.8,0
1786348080,24585.25,24589.5,24581.35,24582.1,0
1786348140,24581.95,24588.65,24581.95,24586.85,0
1786348200,24586.95,24588.35,24582.1,24583.25,0
1786348260,24583.35,24586.2,24582.5,24582.65,0
1786348320,24582.8,24585.6,24581.45,24583.75,0
1786348380,24583.95,24588.05,24582.9,24587.35,0
1786348440,24587.1,24588.8,24582.0,24585.6,0
1786348500,24585.45,24593.95,24585.45,24590.7,0
1786348560,24590.7,24594.3,24590.2,24592.1,0
1786348620,24591.55,24595.35,24590.75,24593.15,0
1786348680,24589.7,24594.95,24589.7,24592.8,0
1786348740,24592.2,24595.1,24588.85,24589.8,0
1786348800,24590.55,24592.8,24587.65,24591.35,0
1786348860,24591.35,24593.65,24589.05,24589.65,0
1786348920,24589.0,24595.2,24588.25,24593.15,0
1786348980,24592.75,24596.55,24591.75,24595.6,0
1786349040,24596.25,24600.75,24594.95,24598.6,0
1786349100,24599.0,24601.3,24598.2,24599.05,0
1786349160,24598.6,24601.45,24596.3,24600.25,0
1786349220,24599.65,24602.35,24597.85,24598.65,0
1786349280,24599.15,24600.8,24597.0,24599.6,0
1786349340,24598.95,24601.4,24597.9,24599.6,0
1786349400,24599.25,24601.35,24597.55,24600.7,0
1786349460,24600.55,24603.1,24598.15,24600.15,0
1786349520,24599.7,24606.65,24599.7,24604.6,0
1786349580,24604.55,24608.35,24601.95,24606.0,0
1786349640,24606.05,24608.5,24604.95,24606.35,0
1786349700,24606.65,24610.3,24605.8,24608.05,0
1786349760,24608.3,24609.2,24603.95,24604.4,0
1786349820,24604.75,24605.25,24596.95,24598.75,0
1786349880,24598.55,24603.75,24596.35,24601.65,0
1786349940,24601.7,24606.25,24601.7,24604.6,0
1786350000,24605.05,24606.9,24601.05,24603.2,0
1786350060,24602.3,24606.7,24601.4,24605.3,0
1786350120,24605.05,24606.4,24601.0,24603.65,0
1786350180,24603.7,24606.55,24602.9,24604.75,0
1786350240,24606.5,24608.95,24604.25,24605.4,0
1786350300,24605.35,24606.75,24599.75,24602.0,0
1786350360,24600.9,24603.7,24596.8,24597.55,0
1786350420,24597.95,24600.25,24593.75,24594.8,0
1786350480,24594.9,24596.55,24593.15,24594.7,0
1786350540,24595.25,24596.6,24591.1,24591.85,0
1786350600,24591.8,24598.05,24591.8,24596.35,0
1786350660,24596.15,24597.95,24589.75,24590.8,0
1786350720,24591.5,24593.4,24589.65,24591.15,0
1786350780,24590.5,24592.85,24582.5,24589.8,0
1786350840,24589.65,24592.3,24586.15,24590.9,0
1786350900,24590.6,24594.7,24590.0,24593.4,0
1786350960,24593.45,24600.05,24593.45,24597.85,0
1786351020,24598.35,24605.05,24598.35,24603.7,0
1786351080,24603.6,24605.35,24598.9,24599.05,0
1786351140,24599.9,24601.55,24595.75,24597.85,0
1786351200,24597.2,24598.15,24590.75,24595.0,0
1786351260,24595.45,24600.85,24593.05,24596.1,0
1786351320,24595.45,24599.85,24594.2,24595.0,0
1786351380,24595.95,24596.5,24591.85,24594.75,0
1786351440,24594.5,24596.2,24586.95,24587.55,0
1786351500,24587.95,24590.6,24584.8,24589.15,0
1786351560,24589.35,24592.25,24587.45,24591.3,0
1786351620,24591.7,24593.55,24585.6,24586.1,0
1786351680,24586.0,24589.2,24583.55,24587.25,0
1786351740,24586.25,24588.95,24583.15,24583.9,0
1786351800,24584.45,24592.45,24584.45,24589.95,0
1786351860,24590.0,24590.55,24585.8,24586.7,0
1786351920,24586.65,24588.75,24584.6,24585.8,0
1786351980,24586.1,24589.4,24583.7,24588.6,0
1786352040,24588.3,24591.05,24586.65,24587.8,0
1786352100,24586.8,24588.95,24585.05,24588.65,0
1786352160,24588.85,24593.2,24586.95,24588.6,0
1786352220,24588.75,24594.4,24587.75,24592.9,0
1786352280,24593.4,24593.9,24584.85,24586.55,0
1786352340,24586.75,24588.8,24584.15,24586.75,0
1786352400,24586.75,24591.0,24585.4,24585.75,0
1786352460,24586.65,24588.95,24583.8,24585.9,0
1786352520,24585.65,24586.2,24582.15,24584.25,0
1786352580,24584.15,24585.05,24578.0,24581.25,0
1786352640,24581.55,24584.2,24578.1,24582.45,0
1786352700,24582.05,24582.25,24574.45,24578.2,0
1786352760,24577.85,24578.9,24571.8,24572.35,0
1786352820,24572.3,24574.45,24568.1,24572.3,0
1786352880,24572.1,24575.95,24569.85,24574.1,0
1786352940,24573.95,24576.75,24571.0,24573.95,0
1786353000,24573.65,24578.85,24570.7,24575.6,0
1786353060,24576.35,24578.25,24572.7,24574.2,0
1786353120,24574.35,24575.4,24569.65,24571.8,0
1786353180,24571.35,24571.8,24565.7,24569.25,0
1786353240,24569.0,24574.35,24565.55,24572.5,0
1786353300,24572.55,24572.55,24563.55,24567.1,0
1786353360,24566.15,24570.75,24564.0,24568.0,0
1786353420,24566.55,24569.0,24561.4,24563.0,0
1786353480,24562.0,24564.1,24555.65,24557.6,0
1786353540,24556.35,24560.85,24553.7,24556.25,0
1786353600,24554.6,24557.15,24549.05,24552.4,0
1786353660,24549.25,24556.85,24549.0,24555.35,0
1786353720,24553.4,24557.2,24552.1,24556.15,0
1786353780,24555.6,24562.35,24553.95,24560.7,0
1786353840,24558.4,24560.95,24554.7,24558.95,0
1786353900,24556.9,24561.35,24555.3,24559.65,0
1786353960,24557.85,24563.15,24554.25,24562.25,0
1786354020,24560.1,24566.65,24559.1,24562.2,0
1786354080,24560.85,24566.3,24559.5,24562.9,0
1786354140,24562.7,24568.2,24560.95,24567.85,0
1786354200,24566.55,24567.25,24558.05,24560.6,0
1786354260,24559.95,24560.65,24548.9,24550.45,0
1786354320,24549.95,24565.8,24547.6,24565.8,0
1786354380,24564.55,24574.4,24564.15,24570.4,0
1786354440,24570.45,24573.15,24568.65,24572.0,0
1786354500,24572.35,24573.25,24566.75,24568.65,0
1786354560,24566.15,24575.3,24565.1,24572.5,0
1786354620,24569.4,24571.35,24560.45,24562.2,0
1786354680,24562.35,24563.65,24555.7,24557.25,0
1786354740,24554.4,24560.5,24553.25,24553.5,0
1786354800,24555.35,24556.15,24543.05,24546.2,0
1786354860,24543.3,24553.65,24543.3,24552.45,0
1786354920,24552.0,24556.15,24547.0,24555.9,0
1786354980,24554.5,24557.75,24550.15,24555.2,0
1786355040,24554.15,24567.25,24550.6,24560.05,0
1786355100,24560.15,24560.15,24560.15,24560.15,0
1786355160,24560.15,24560.15,24560.15,24560.15,0
1786355220,24560.15,24560.15,24560.15,24560.15,0
1786355280,24560.15,24560.15,24560.15,24560.15,0
1786355340,24560.15,24560.15,24560.15,24560.15,0
1786355400,24560.15,24560.15,24560.15,24560.15,0
1786355460,24560.15,24560.15,24560.15,24560.15,0
1786355520,24560.15,24560.15,24560.15,24560.15,0
1786355580,24560.15,24560.15,24560.15,24560.15,0
1786355640,24560.15,24560.15,24560.15,24560.15,0
1786355700,24560.15,24560.15,24560.15,24560.15,0
1786355760,24560.15,24560.15,24560.15,24560.15,0
1786355820,24560.15,24560.15,24560.15,24560.15,0
1786355880,24560.15,24560.15,24560.15,24560.15,0
1786355940,24560.15,24583.8,24560.15,24583.8,0
1786356000,24583.8,24583.8,24583.8,24583.8,0
1786419900,24575.1,24575.5,24528.6,24537.8,0
1786419960,24537.1,24537.1,24512.0,24520.0,0
1786420020,24518.25,24520.65,24507.45,24513.65,0
1786420080,24513.85,24515.2,24507.05,24515.2,0
1786420140,24515.3,24516.6,24501.0,24503.95,0
1786420200,24504.75,24504.75,24495.35,24496.7,0
1786420260,24496.4,24506.35,24493.7,24504.05,0
1786420320,24503.4,24505.35,24498.6,24498.9,0
1786420380,24498.8,24501.95,24493.0,24494.8,0
1786420440,24493.25,24500.95,24493.0,24500.15,0
1786420500,24499.95,24508.3,24497.0,24505.25,0
1786420560,24506.0,24506.75,24491.35,24491.55,0
1786420620,24491.5,24495.5,24488.5,24493.95,0
1786420680,24493.9,24496.1,24489.2,24492.1,0
1786420740,24491.5,24494.05,24487.95,24488.35,0
1786420800,24487.4,24487.45,24479.05,24483.8,0
1786420860,24484.3,24493.3,24482.55,24486.15,0
1786420920,24486.9,24490.95,24484.95,24490.25,0
1786420980,24490.05,24493.0,24488.0,24493.0,0
1786421040,24492.3,24493.7,24486.95,24488.05,0
1786421100,24488.35,24497.6,24487.35,24495.4,0
1786421160,24494.75,24495.5,24487.9,24489.55,0
1786421220,24489.65,24492.15,24481.2,24481.8,0
1786421280,24482.2,24487.8,24480.9,24486.15,0
1786421340,24485.9,24488.65,24481.75,24481.8,0
1786421400,24481.75,24483.8,24477.65,24479.2,0
1786421460,24479.25,24482.6,24477.05,24479.45,0
1786421520,24479.45,24480.3,24475.2,24476.2,0
1786421580,24476.15,24476.15,24468.4,24470.95,0
1786421640,24471.5,24480.9,24469.5,24479.25,0
1786421700,24480.55,24483.65,24475.5,24481.3,0
1786421760,24480.95,24480.95,24467.65,24468.75,0
1786421820,24468.4,24471.85,24464.15,24465.6,0
1786421880,24465.8,24470.75,24465.8,24469.75,0
1786421940,24469.75,24476.35,24469.4,24472.15,0
1786422000,24471.7,24477.2,24469.9,24476.35,0
1786422060,24476.75,24477.35,24472.35,24476.45,0
1786422120,24476.25,24477.45,24470.6,24471.3,0
1786422180,24471.4,24473.45,24469.55,24472.05,0
1786422240,24472.35,24473.0,24464.2,24468.6,0
1786422300,24467.35,24471.25,24461.0,24470.05,0
1786422360,24469.8,24479.2,24468.45,24476.85,0
1786422420,24476.8,24479.0,24473.35,24477.35,0
1786422480,24477.1,24483.55,24476.55,24481.55,0
1786422540,24481.9,24487.55,24480.25,24486.5,0
1786422600,24486.85,24488.8,24480.95,24482.65,0
1786422660,24483.6,24486.25,24479.75,24484.25,0
1786422720,24483.95,24485.35,24479.3,24481.5,0
1786422780,24481.6,24491.3,24480.3,24490.05,0
1786422840,24489.8,24491.85,24485.55,24486.55,0
1786422900,24486.55,24489.25,24484.9,24484.9,0
1786422960,24485.0,24487.45,24476.85,24478.15,0
1786423020,24477.7,24480.65,24476.0,24476.9,0
1786423080,24476.85,24480.1,24475.05,24478.0,0
1786423140,24477.8,24482.65,24476.1,24479.15,0
1786423200,24479.55,24480.2,24473.9,24475.7,0
1786423260,24476.05,24481.3,24474.65,24481.3,0
1786423320,24480.25,24481.9,24477.95,24480.2,0
1786423380,24480.5,24481.6,24476.65,24477.65,0
1786423440,24477.4,24477.9,24472.6,24473.0,0
1786423500,24473.5,24474.75,24469.05,24472.55,0
1786423560,24472.45,24477.3,24470.15,24476.95,0
1786423620,24477.15,24481.05,24475.45,24476.8,0
1786423680,24476.7,24477.65,24472.7,24474.8,0
1786423740,24474.95,24475.0,24467.35,24467.6,0
1786423800,24467.65,24469.05,24463.6,24465.85,0
1786423860,24465.85,24469.5,24464.85,24468.05,0
1786423920,24467.5,24475.15,24465.35,24473.65,0
1786423980,24473.5,24474.3,24469.15,24472.75,0
1786424040,24473.05,24473.5,24468.35,24470.3,0
1786424100,24470.15,24473.75,24467.9,24469.9,0
1786424160,24470.15,24472.5,24468.15,24471.6,0
1786424220,24470.95,24474.1,24468.6,24473.2,0
1786424280,24473.3,24484.8,24472.3,24482.55,0
1786424340,24482.0,24483.7,24476.75,24479.0,0
1786424400,24479.15,24479.95,24474.15,24475.4,0
1786424460,24475.65,24480.9,24474.35,24479.9,0
1786424520,24479.85,24485.0,24478.25,24482.45,0
1786424580,24482.55,24484.0,24479.05,24480.95,0
1786424640,24480.7,24483.65,24478.8,24480.7,0
1786424700,24480.8,24482.5,24473.8,24474.3,0
1786424760,24474.3,24479.05,24472.35,24476.3,0
1786424820,24475.8,24484.3,24474.4,24482.6,0
1786424880,24482.25,24482.35,24478.95,24481.45,0
1786424940,24481.1,24481.35,24476.85,24478.95,0
1786425000,24479.4,24480.5,24472.95,24475.3,0
1786425060,24475.15,24480.55,24474.3,24479.1,0
1786425120,24479.55,24480.6,24477.55,24478.9,0
1786425180,24478.65,24481.25,24476.55,24476.9,0
1786425240,24477.0,24477.65,24471.5,24474.75,0
1786425300,24474.4,24474.85,24470.35,24471.3,0
1786425360,24470.7,24471.7,24467.5,24468.1,0
1786425420,24468.25,24469.4,24466.6,24469.4,0
1786425480,24469.2,24469.25,24465.7,24466.45,0
1786425540,24466.6,24469.9,24464.85,24468.4,0
1786425600,24468.65,24476.0,24468.35,24474.0,0
1786425660,24474.15,24477.6,24473.65,24476.85,0
1786425720,24476.45,24477.45,24472.25,24475.4,0
1786425780,24475.35,24481.0,24473.15,24479.25,0
1786425840,24479.1,24479.15,24473.0,24476.7,0
1786425900,24476.9,24479.3,24473.4,24474.05,0
1786425960,24473.9,24476.75,24471.85,24474.7,0
1786426020,24474.4,24476.65,24471.8,24475.65,0
1786426080,24476.0,24478.55,24471.75,24474.8,0
1786426140,24474.8,24476.0,24469.0,24469.0,0
1786426200,24469.55,24471.25,24463.3,24468.1,0
1786426260,24468.95,24471.1,24462.95,24464.9,0
1786426320,24464.05,24464.75,24455.45,24456.65,0
1786426380,24456.8,24459.45,24454.15,24454.25,0
1786426440,24454.65,24454.75,24449.7,24452.15,0
1786426500,24452.0,24456.0,24450.6,24454.7,0
1786426560,24454.8,24458.95,24454.2,24455.35,0
1786426620,24455.2,24457.05,24454.1,24455.05,0
1786426680,24454.35,24454.9,24451.0,24451.6,0
1786426740,24451.25,24452.3,24445.1,24445.65,0
1786426800,24445.7,24446.3,24440.4,24444.65,0
1786426860,24444.6,24448.4,24444.05,24446.1,0
1786426920,24445.7,24446.85,24443.8,24444.7,0
1786426980,24445.0,24448.1,24443.0,24446.9,0
1786427040,24447.0,24451.65,24445.95,24451.25,0
1786427100,24451.3,24451.3,24447.45,24449.55,0
1786427160,24449.3,24455.7,24448.8,24454.3,0
1786427220,24454.0,24454.55,24447.85,24449.6,0
1786427280,24449.15,24449.3,24444.15,24448.45,0
1786427340,24448.6,24452.7,24445.95,24449.2,0
1786427400,24449.55,24449.55,24445.55,24448.2,0
1786427460,24447.95,24448.7,24445.35,24447.0,0
1786427520,24446.95,24448.9,24445.95,24447.45,0
1786427580,24447.85,24448.2,24443.6,24445.3,0
1786427640,24445.6,24447.55,24444.0,24445.65,0
1786427700,24445.65,24445.7,24441.2,24443.15,0
1786427760,24443.25,24443.25,24438.6,24439.65,0
1786427820,24440.25,24443.9,24437.55,24443.45,0
1786427880,24443.15,24446.25,24441.6,24445.7,0
1786427940,24445.55,24447.1,24442.5,24442.6,0
1786428000,24442.8,24443.95,24440.0,24442.15,0
1786428060,24442.35,24444.35,24439.6,24439.9,0
1786428120,24440.05,24440.45,24437.15,24438.15,0
1786428180,24438.6,24441.2,24436.95,24439.75,0
1786428240,24439.55,24445.45,24439.55,24442.95,0
1786428300,24442.6,24444.85,24440.25,24440.35,0
1786428360,24440.8,24443.45,24439.4,24441.15,0
1786428420,24441.15,24447.8,24440.1,24446.8,0
1786428480,24446.8,24450.15,24445.45,24447.45,0
1786428540,24447.45,24448.8,24444.95,24447.65,0
1786428600,24447.5,24451.55,24446.35,24448.65,0
1786428660,24448.2,24451.5,24445.4,24450.7,0
1786428720,24450.55,24452.3,24447.95,24450.6,0
1786428780,24450.7,24452.0,24448.55,24450.75,0
1786428840,24450.6,24451.15,24447.3,24448.6,0
1786428900,24448.75,24450.55,24446.45,24448.4,0
1786428960,24448.85,24450.95,24447.75,24450.45,0
1786429020,24450.15,24452.95,24449.3,24451.15,0
1786429080,24451.3,24455.35,24450.4,24453.85,0
1786429140,24453.95,24456.45,24450.4,24453.4,0
1786429200,24453.65,24455.9,24450.85,24452.4,0
1786429260,24452.6,24453.0,24448.2,24448.45,0
1786429320,24448.65,24449.25,24446.85,24447.6,0
1786429380,24447.2,24449.2,24444.0,24444.75,0
1786429440,24445.0,24445.4,24440.9,24442.4,0
1786429500,24442.2,24442.95,24435.9,24438.65,0
1786429560,24438.35,24439.8,24436.55,24438.5,0
1786429620,24438.85,24438.85,24435.65,24437.4,0
1786429680,24436.9,24442.45,24436.9,24440.75,0
1786429740,24441.1,24445.15,24440.25,24443.85,0
1786429800,24444.05,24446.0,24436.9,24437.3,0
1786429860,24437.25,24438.15,24434.9,24436.8,0
1786429920,24436.8,24437.75,24433.95,24434.85,0
1786429980,24434.5,24434.85,24430.5,24430.5,0
1786430040,24430.4,24432.55,24429.6,24431.05,0
1786430100,24431.1,24433.15,24429.25,24432.45,0
1786430160,24431.9,24433.0,24429.85,24431.85,0
1786430220,24434.0,24438.25,24432.8,24436.6,0
1786430280,24436.0,24437.2,24433.2,24435.5,0
1786430340,24435.6,24437.55,24434.1,24434.65,0
1786430400,24434.25,24441.25,24434.25,24441.25,0
1786430460,24440.7,24449.0,24440.15,24448.15,0
1786430520,24447.85,24450.75,24446.2,24450.15,0
1786430580,24450.15,24450.5,24448.45,24448.45,0
1786430640,24448.35,24449.0,24443.4,24444.65,0
1786430700,24444.0,24449.0,24443.8,24447.4,0
1786430760,24447.7,24448.8,24441.15,24442.2,0
1786430820,24442.05,24443.3,24438.3,24439.0,0
1786430880,24439.4,24439.4,24435.3,24436.7,0
1786430940,24436.3,24441.05,24434.35,24439.6,0
1786431000,24439.3,24442.9,24437.3,24442.15,0
1786431060,24442.2,24442.7,24438.65,24439.2,0
1786431120,24439.9,24440.6,24436.75,24438.25,0
1786431180,24438.65,24442.55,24437.5,24441.05,0
1786431240,24441.55,24446.5,24431.25,24432.2,0
1786431300,24431.85,24436.75,24430.35,24436.55,0
1786431360,24436.0,24441.9,24435.15,24436.9,0
1786431420,24437.05,24440.4,24435.75,24437.75,0
1786431480,24437.6,24440.75,24436.35,24439.15,0
1786431540,24438.9,24441.2,24437.95,24439.65,0
1786431600,24439.35,24440.45,24437.35,24439.4,0
1786431660,24439.3,24441.0,24438.15,24440.7,0
1786431720,24440.55,24442.95,24439.25,24441.75,0
1786431780,24441.6,24443.6,24439.75,24443.15,0
1786431840,24442.75,24446.25,24441.1,24444.25,0
1786431900,24444.25,24444.85,24441.15,24441.15,0
1786431960,24441.4,24445.1,24440.7,24442.15,0
1786432020,24442.25,24445.4,24441.75,24443.5,0
1786432080,24443.55,24444.55,24440.6,24441.7,0
1786432140,24441.05,24442.35,24439.45,24440.1,0
1786432200,24439.85,24443.5,24439.35,24442.7,0
1786432260,24442.65,24443.3,24438.75,24440.65,0
1786432320,24440.55,24449.65,24433.5,24448.85,0
1786432380,24448.2,24451.9,24447.1,24448.9,0
1786432440,24448.7,24452.4,24447.8,24451.2,0
1786432500,24451.95,24452.25,24448.8,24451.4,0
1786432560,24451.1,24455.85,24450.7,24454.55,0
1786432620,24454.6,24461.0,24453.65,24460.25,0
1786432680,24460.15,24460.15,24455.25,24456.95,0
1786432740,24457.15,24461.75,24456.6,24458.4,0
1786432800,24458.55,24460.05,24456.5,24457.8,0
1786432860,24457.5,24458.9,24452.2,24452.5,0
1786432920,24452.6,24454.9,24449.95,24451.65,0
1786432980,24451.35,24452.9,24448.65,24448.65,0
1786433040,24448.55,24450.0,24446.8,24448.65,0
1786433100,24448.9,24450.55,24447.7,24448.85,0
1786433160,24448.85,24450.15,24445.8,24446.3,0
1786433220,24446.45,24447.35,24442.25,24443.0,0
1786433280,24442.55,24442.6,24439.55,24440.8,0
1786433340,24440.8,24442.45,24440.0,24440.5,0
1786433400,24440.65,24445.15,24440.2,24444.75,0
1786433460,24444.85,24444.85,24438.9,24444.8,0
1786433520,24445.25,24452.95,24444.3,24451.4,0
1786433580,24451.1,24454.6,24449.1,24454.25,0
1786433640,24454.05,24456.8,24451.9,24456.7,0
1786433700,24456.45,24462.55,24449.8,24462.55,0
1786433760,24462.45,24466.65,24458.3,24459.55,0
1786433820,24459.3,24461.3,24458.35,24460.7,0
1786433880,24460.55,24461.75,24459.6,24460.4,0
1786433940,24460.55,24464.85,24459.95,24462.0,0
1786434000,24461.9,24464.35,24459.1,24459.8,0
1786434060,24459.55,24459.75,24451.8,24454.15,0
1786434120,24453.6,24454.6,24451.1,24452.65,0
1786434180,24452.6,24454.25,24451.1,24452.9,0
1786434240,24452.5,24457.5,24452.1,24453.0,0
1786434300,24453.15,24453.8,24448.1,24448.85,0
1786434360,24449.35,24449.65,24443.15,24445.75,0
1786434420,24445.65,24449.1,24442.15,24449.0,0
1786434480,24448.8,24453.25,24447.75,24450.1,0
1786434540,24449.9,24452.7,24448.2,24450.0,0
1786434600,24450.1,24451.15,24447.0,24448.75,0
1786434660,24448.4,24450.05,24447.45,24447.45,0
1786434720,24447.35,24450.9,24446.9,24447.25,0
1786434780,24447.1,24448.2,24441.8,24443.15,0
1786434840,24444.0,24453.25,24441.9,24452.0,0
1786434900,24452.15,24457.1,24451.15,24456.95,0
1786434960,24456.55,24466.55,24455.45,24465.9,0
1786435020,24466.35,24474.9,24463.95,24474.6,0
1786435080,24474.3,24474.3,24454.75,24455.75,0
1786435140,24455.9,24456.95,24451.45,24455.05,0
1786435200,24454.95,24458.35,24454.85,24456.3,0
1786435260,24455.85,24463.75,24455.85,24458.3,0
1786435320,24457.55,24464.0,24457.4,24463.95,0
1786435380,24463.8,24470.3,24462.1,24469.25,0
1786435440,24469.4,24471.45,24465.7,24469.45,0
1786435500,24468.8,24468.8,24463.7,24464.0,0
1786435560,24464.1,24464.8,24459.0,24461.75,0
1786435620,24462.3,24463.15,24458.5,24459.55,0
1786435680,24459.65,24460.55,24451.6,24452.35,0
1786435740,24452.15,24455.0,24451.25,24454.5,0
1786435800,24454.55,24462.3,24454.4,24460.75,0
1786435860,24460.15,24465.55,24457.9,24457.9,0
1786435920,24458.35,24459.3,24454.35,24456.0,0
1786435980,24455.9,24467.45,24455.9,24465.1,0
1786436040,24464.4,24465.3,24457.95,24460.55,0
1786436100,24460.65,24464.85,24460.5,24463.25,0
1786436160,24463.3,24465.05,24461.1,24464.35,0
1786436220,24464.35,24468.8,24463.4,24464.65,0
1786436280,24464.3,24469.1,24463.65,24465.3,0
1786436340,24465.3,24465.45,24457.15,24458.5,0
1786436400,24457.45,24462.5,24456.6,24461.15,0
1786436460,24461.1,24461.85,24458.0,24459.85,0
1786436520,24460.1,24461.75,24452.6,24455.85,0
1786436580,24455.95,24456.1,24450.2,24452.9,0
1786436640,24453.0,24456.8,24451.8,24453.8,0
1786436700,24453.5,24453.8,24447.8,24452.15,0
1786436760,24452.2,24453.9,24449.3,24450.15,0
1786436820,24450.5,24450.95,24445.8,24448.8,0
1786436880,24449.5,24452.0,24448.3,24449.95,0
1786436940,24449.75,24452.35,24447.35,24450.15,0
1786437000,24451.0,24455.3,24450.1,24454.05,0
1786437060,24453.7,24455.05,24449.65,24450.55,0
1786437120,24450.05,24452.3,24445.8,24448.0,0
1786437180,24447.85,24454.4,24446.95,24452.6,0
1786437240,24452.55,24453.0,24447.75,24450.85,0
1786437300,24450.95,24452.2,24445.95,24447.75,0
1786437360,24447.45,24448.25,24441.1,24445.0,0
1786437420,24445.15,24455.35,24445.15,24453.85,0
1786437480,24453.85,24460.85,24452.65,24459.4,0
1786437540,24459.35,24466.15,24458.9,24460.95,0
1786437600,24463.95,24463.95,24453.05,24456.9,0
1786437660,24456.5,24462.55,24456.35,24460.2,0
1786437720,24460.1,24462.95,24458.95,24460.75,0
1786437780,24460.85,24465.6,24459.2,24464.6,0
1786437840,24464.7,24466.05,24462.1,24462.55,0
1786437900,24464.2,24464.3,24455.7,24456.7,0
1786437960,24456.35,24465.4,24456.35,24463.15,0
1786438020,24463.4,24470.0,24462.85,24469.5,0
1786438080,24469.15,24469.15,24463.2,24463.45,0
1786438140,24463.2,24465.55,24452.35,24454.05,0
1786438200,24454.05,24456.6,24451.75,24454.9,0
1786438260,24454.9,24459.0,24452.45,24456.1,0
1786438320,24455.55,24457.8,24451.35,24451.7,0
1786438380,24451.35,24457.1,24449.95,24456.55,0
1786438440,24455.65,24462.05,24452.55,24458.1,0
1786438500,24459.5,24459.5,24452.95,24454.05,0
1786438560,24454.05,24458.25,24451.6,24457.55,0
1786438620,24457.75,24465.85,24456.8,24457.05,0
1786438680,24456.45,24456.45,24448.85,24451.35,0
1786438740,24451.0,24452.9,24447.3,24449.15,0
1786438800,24450.15,24455.65,24448.5,24453.05,0
1786438860,24452.35,24454.95,24443.6,24447.6,0
1786438920,24446.2,24449.8,24443.1,24443.7,0
1786438980,24443.9,24447.95,24442.15,24444.55,0
1786439040,24444.5,24447.15,24442.5,24443.25,0
1786439100,24445.8,24447.2,24443.2,24444.05,0
1786439160,24443.9,24445.4,24442.4,24443.25,0
1786439220,24443.6,24445.3,24441.05,24443.55,0
1786439280,24443.1,24451.35,24440.9,24450.4,0
1786439340,24450.6,24452.3,24435.05,24437.75,0
1786439400,24441.6,24444.55,24439.5,24442.0,0
1786439460,24441.9,24447.1,24439.55,24444.65,0
1786439520,24445.15,24447.75,24444.3,24445.3,0
1786439580,24445.95,24449.3,24444.65,24447.3,0
1786439640,24447.75,24450.1,24446.7,24448.05,0
1786439700,24450.3,24453.0,24448.0,24450.6,0
1786439760,24450.6,24452.15,24448.7,24451.2,0
1786439820,24451.1,24454.95,24448.85,24451.55,0
1786439880,24452.4,24454.35,24448.75,24452.35,0
1786439940,24452.75,24455.45,24451.3,24453.35,0
1786440000,24456.1,24457.6,24451.75,24454.35,0
1786440060,24456.25,24456.95,24452.35,24455.15,0
1786440120,24455.5,24456.6,24451.8,24452.6,0
1786440180,24453.05,24460.15,24452.55,24454.35,0
1786440240,24455.25,24459.05,24454.5,24456.7,0
1786440300,24459.8,24460.05,24455.85,24458.6,0
1786440360,24458.45,24463.45,24456.6,24459.35,0
1786440420,24460.05,24464.55,24457.55,24464.0,0
1786440480,24464.5,24469.2,24463.1,24465.1,0
1786440540,24465.6,24466.95,24458.15,24464.2,0
1786440600,24465.3,24471.95,24463.25,24470.95,0
1786440660,24470.9,24472.1,24458.65,24460.7,0
1786440720,24461.5,24466.35,24459.35,24463.5,0
1786440780,24463.75,24464.95,24457.45,24459.55,0
1786440840,24459.4,24472.7,24457.3,24472.2,0
1786440900,24473.75,24476.45,24452.75,24453.65,0
1786440960,24453.55,24459.7,24453.55,24458.35,0
1786441020,24458.75,24464.45,24456.1,24458.05,0
1786441080,24458.7,24460.25,24452.35,24458.35,0
1786441140,24457.85,24459.8,24452.3,24454.6,0
1786441200,24454.35,24456.3,24446.45,24447.55,0
1786441260,24446.55,24451.55,24444.05,24448.55,0
1786441320,24447.95,24451.15,24442.65,24447.45,0
1786441380,24448.2,24457.85,24448.05,24453.2,0
1786441440,24454.6,24454.75,24443.9,24450.0,0
1786441500,24450.25,24450.25,24450.25,24450.25,0
1786441560,24450.25,24450.25,24450.25,24450.25,0
1786441620,24450.25,24450.25,24450.25,24450.25,0
1786441680,24450.25,24450.25,24450.25,24450.25,0
1786441740,24450.25,24450.25,24450.25,24450.25,0
1786441800,24450.25,24450.25,24450.25,24450.25,0
1786441860,24450.25,24450.25,24450.25,24450.25,0
1786441920,24450.25,24450.25,24450.25,24450.25,0
1786441980,24450.25,24450.25,24450.25,24450.25,0
1786442040,24450.25,24450.25,24450.25,24450.25,0
1786442100,24450.25,24450.25,24450.25,24450.25,0
1786442160,24450.25,24450.25,24450.25,24450.25,0
1786442220,24450.25,24450.25,24450.25,24450.25,0
1786442280,24450.25,24450.25,24450.25,24450.25,0
1786442340,24450.25,24471.7,24450.25,24471.7,0
1786442400,24471.7,24471.7,24471.7,24471.7,0
1786506300,24472.45,24472.45,24439.85,24443.2,0
1786506360,24441.45,24443.0,24396.8,24397.7,0
1786506420,24399.5,24405.5,24396.15,24396.15,0
1786506480,24394.75,24399.8,24390.9,24397.15,0
1786506540,24396.5,24409.0,24394.15,24407.9,0
1786506600,24407.15,24415.3,24404.25,24414.0,0
1786506660,24414.1,24423.4,24406.25,24406.25,0
1786506720,24405.45,24416.45,24403.6,24411.7,0
1786506780,24411.1,24419.45,24411.1,24416.25,0
1786506840,24416.9,24430.9,24416.9,24422.9,0
1786506900,24423.0,24444.05,24423.0,24441.95,0
1786506960,24441.65,24445.05,24436.8,24444.4,0
1786507020,24445.4,24461.05,24445.15,24460.35,0
1786507080,24460.55,24463.5,24457.9,24458.7,0
1786507140,24458.6,24459.5,24447.85,24457.25,0
1786507200,24457.4,24458.55,24439.5,24443.7,0
1786507260,24442.65,24446.7,24436.95,24437.7,0
1786507320,24438.1,24439.45,24432.9,24435.8,0
1786507380,24436.0,24440.5,24435.0,24439.95,0
1786507440,24440.5,24444.3,24439.1,24440.7,0
1786507500,24440.2,24442.3,24433.75,24433.75,0
1786507560,24434.15,24442.4,24433.4,24438.6,0
1786507620,24438.55,24439.3,24431.55,24431.55,0
1786507680,24430.75,24432.15,24420.8,24424.25,0
1786507740,24426.75,24431.6,24424.1,24427.85,0
1786507800,24428.85,24435.35,24426.1,24434.45,0
1786507860,24434.2,24436.45,24431.8,24434.15,0
1786507920,24433.95,24438.1,24430.95,24432.1,0
1786507980,24431.35,24433.9,24428.85,24432.35,0
1786508040,24433.75,24434.15,24425.9,24428.15,0
1786508100,24428.0,24428.85,24417.7,24418.4,0
1786508160,24418.2,24419.95,24411.45,24411.8,0
1786508220,24411.5,24413.0,24404.45,24406.55,0
1786508280,24406.8,24407.95,24401.8,24403.55,0
1786508340,24403.0,24406.65,24399.9,24401.8,0
1786508400,24402.55,24404.05,24392.7,24393.75,0
1786508460,24396.25,24403.95,24394.35,24403.3,0
1786508520,24404.0,24404.9,24400.6,24403.35,0
1786508580,24403.65,24409.55,24402.2,24409.0,0
1786508640,24409.45,24412.1,24408.5,24409.6,0
1786508700,24409.9,24410.95,24402.5,24404.3,0
1786508760,24404.4,24407.0,24402.95,24402.95,0
1786508820,24403.35,24406.0,24393.75,24394.7,0
1786508880,24393.0,24395.25,24380.2,24380.2,0
1786508940,24380.3,24382.8,24376.55,24377.95,0
1786509000,24378.55,24379.5,24371.45,24374.65,0
1786509060,24374.35,24375.55,24370.65,24373.8,0
1786509120,24373.65,24375.75,24370.55,24373.8,0
1786509180,24373.85,24376.0,24362.5,24365.4,0
1786509240,24367.8,24368.65,24361.55,24362.6,0
1786509300,24364.8,24365.4,24360.3,24365.4,0
1786509360,24366.6,24367.5,24364.25,24364.95,0
1786509420,24365.4,24365.6,24357.9,24359.0,0
1786509480,24358.85,24361.35,24357.6,24360.25,0
1786509540,24360.8,24364.75,24359.6,24364.75,0
1786509600,24363.75,24369.3,24362.25,24368.65,0
1786509660,24368.25,24372.1,24366.75,24367.25,0
1786509720,24367.2,24368.85,24363.5,24365.45,0
1786509780,24366.6,24367.05,24362.4,24366.05,0
1786509840,24366.65,24369.7,24363.85,24365.3,0
1786509900,24365.1,24366.25,24359.25,24360.2,0
1786509960,24362.3,24365.55,24360.95,24364.95,0
1786510020,24364.95,24369.9,24362.8,24369.9,0
1786510080,24370.55,24376.15,24366.8,24376.05,0
1786510140,24374.7,24383.35,24371.75,24373.1,0
1786510200,24373.5,24379.2,24372.05,24374.85,0
1786510260,24374.95,24379.4,24373.75,24377.4,0
1786510320,24379.2,24379.7,24375.05,24375.25,0
1786510380,24375.5,24378.1,24373.8,24376.8,0
1786510440,24377.65,24378.0,24372.4,24374.35,0
1786510500,24374.8,24380.25,24373.85,24380.15,0
1786510560,24379.85,24382.15,24378.65,24379.0,0
1786510620,24379.65,24380.3,24372.95,24372.95,0
1786510680,24372.65,24377.55,24369.95,24375.65,0
1786510740,24376.85,24377.45,24371.3,24371.9,0
1786510800,24371.5,24376.05,24370.2,24375.3,0
1786510860,24375.3,24382.75,24374.75,24382.0,0
1786510920,24380.8,24390.05,24380.1,24389.75,0
1786510980,24391.3,24398.55,24390.3,24398.55,0
1786511040,24399.2,24400.95,24392.6,24394.65,0
1786511100,24395.6,24395.95,24390.55,24394.9,0
1786511160,24395.45,24395.65,24386.25,24386.9,0
1786511220,24388.25,24392.1,24387.2,24389.45,0
1786511280,24390.35,24390.95,24384.65,24386.05,0
1786511340,24386.65,24387.35,24383.3,24386.55,0
1786511400,24387.05,24387.65,24382.35,24382.35,0
1786511460,24383.95,24385.15,24370.6,24379.1,0
1786511520,24379.15,24383.1,24376.0,24377.25,0
1786511580,24379.55,24380.45,24374.1,24379.7,0
1786511640,24379.35,24380.45,24371.9,24375.65,0
1786511700,24375.65,24376.15,24367.4,24370.45,0
1786511760,24371.1,24371.2,24366.6,24368.6,0
1786511820,24369.15,24369.65,24358.75,24358.75,0
1786511880,24360.0,24360.35,24352.85,24353.15,0
1786511940,24354.4,24357.6,24351.85,24357.25,0
1786512000,24358.75,24359.5,24356.55,24358.25,0
1786512060,24358.65,24361.2,24356.75,24359.75,0
1786512120,24360.95,24360.95,24356.45,24358.15,0
1786512180,24359.8,24360.75,24357.75,24358.2,0
1786512240,24358.2,24361.1,24357.15,24359.5,0
1786512300,24359.3,24361.8,24355.4,24355.4,0
1786512360,24356.55,24356.55,24346.7,24348.85,0
1786512420,24348.85,24352.6,24343.75,24344.2,0
1786512480,24348.1,24348.1,24309.4,24326.6,0
1786512540,24327.65,24330.75,24317.65,24318.3,0
1786512600,24318.65,24322.7,24313.15,24313.15,0
1786512660,24314.3,24314.3,24308.95,24311.1,0
1786512720,24312.4,24312.4,24303.05,24303.55,0
1786512780,24303.25,24305.0,24297.25,24297.55,0
1786512840,24298.6,24303.6,24297.45,24300.3,0
1786512900,24300.75,24300.75,24293.7,24296.75,0
1786512960,24299.05,24305.85,24295.55,24305.8,0
1786513020,24306.25,24310.2,24300.1,24304.35,0
1786513080,24305.0,24305.0,24296.65,24302.1,0
1786513140,24302.65,24308.35,24300.35,24305.6,0
1786513200,24307.35,24311.4,24304.85,24310.8,0
1786513260,24312.55,24317.15,24310.1,24315.3,0
1786513320,24315.45,24316.9,24294.4,24298.5,0
1786513380,24300.3,24303.7,24297.7,24300.95,0
1786513440,24301.8,24303.15,24299.15,24302.9,0
1786513500,24303.65,24307.2,24300.9,24306.75,0
1786513560,24307.6,24307.6,24303.5,24304.95,0
1786513620,24305.45,24306.3,24299.0,24301.8,0
1786513680,24302.7,24305.05,24300.45,24303.0,0
1786513740,24303.8,24308.5,24303.7,24307.05,0
1786513800,24308.4,24309.5,24304.65,24309.15,0
1786513860,24310.25,24310.25,24305.75,24307.25,0
1786513920,24307.55,24311.0,24304.1,24308.7,0
1786513980,24310.2,24318.8,24307.9,24317.3,0
1786514040,24318.35,24318.55,24303.3,24305.3,0
1786514100,24305.25,24307.9,24300.5,24302.1,0
1786514160,24306.4,24308.95,24301.45,24305.0,0
1786514220,24306.7,24306.7,24298.35,24299.7,0
1786514280,24301.25,24302.5,24293.1,24300.7,0
1786514340,24302.8,24304.2,24296.35,24297.05,0
1786514400,24297.55,24297.6,24286.2,24289.1,0
1786514460,24289.45,24292.7,24287.0,24292.5,0
1786514520,24294.05,24297.55,24290.45,24294.35,0
1786514580,24295.1,24297.15,24290.9,24293.6,0
1786514640,24295.2,24304.7,24291.85,24302.35,0
1786514700,24302.85,24303.0,24294.35,24296.05,0
1786514760,24297.15,24298.45,24293.5,24295.4,0
1786514820,24295.9,24296.1,24292.2,24293.85,0
1786514880,24294.95,24294.95,24290.1,24290.85,0
1786514940,24291.9,24291.9,24284.4,24285.95,0
1786515000,24288.15,24288.15,24278.5,24281.05,0
1786515060,24281.55,24285.25,24280.1,24283.75,0
1786515120,24283.85,24291.05,24283.55,24284.0,0
1786515180,24284.15,24287.35,24283.0,24285.3,0
1786515240,24285.6,24297.2,24285.6,24294.2,0
1786515300,24295.45,24298.05,24291.45,24294.8,0
1786515360,24295.15,24297.55,24293.35,24293.9,0
1786515420,24295.2,24295.85,24286.6,24289.25,0
1786515480,24291.4,24291.4,24286.75,24291.0,0
1786515540,24290.5,24294.4,24290.2,24290.6,0
1786515600,24292.15,24292.4,24285.25,24286.25,0
1786515660,24287.85,24289.3,24285.75,24286.9,0
1786515720,24288.5,24289.5,24284.3,24285.15,0
1786515780,24288.15,24289.2,24282.6,24283.7,0
1786515840,24283.65,24289.0,24281.5,24281.6,0
1786515900,24282.1,24283.4,24271.25,24279.55,0
1786515960,24280.7,24284.4,24279.15,24284.15,0
1786516020,24284.65,24285.1,24281.0,24281.85,0
1786516080,24283.35,24283.35,24277.45,24278.1,0
1786516140,24279.55,24285.35,24276.2,24279.65,0
1786516200,24280.65,24280.75,24277.15,24278.85,0
1786516260,24280.05,24282.25,24278.55,24278.9,0
1786516320,24279.05,24279.65,24275.25,24277.25,0
1786516380,24279.25,24279.25,24274.55,24276.15,0
1786516440,24277.9,24279.1,24271.45,24272.55,0
1786516500,24273.4,24276.9,24270.7,24276.35,0
1786516560,24278.35,24279.95,24275.6,24278.45,0
1786516620,24280.2,24281.75,24274.8,24274.8,0
1786516680,24274.8,24279.7,24274.05,24275.3,0
1786516740,24277.45,24277.45,24271.55,24272.35,0
1786516800,24272.7,24274.3,24269.8,24270.25,0
1786516860,24270.35,24275.65,24269.7,24272.0,0
1786516920,24274.75,24275.15,24271.05,24271.95,0
1786516980,24273.6,24273.6,24265.95,24268.3,0
1786517040,24267.85,24270.45,24266.2,24267.1,0
1786517100,24268.9,24278.55,24266.4,24273.1,0
1786517160,24274.9,24277.75,24272.4,24274.8,0
1786517220,24276.65,24278.05,24273.55,24277.15,0
1786517280,24278.1,24280.1,24274.8,24278.05,0
1786517340,24278.1,24280.05,24276.25,24277.45,0
1786517400,24278.05,24278.4,24274.75,24275.4,0
1786517460,24275.55,24276.6,24273.9,24275.4,0
1786517520,24275.25,24277.35,24273.0,24273.45,0
1786517580,24274.55,24278.8,24272.35,24274.35,0
1786517640,24275.3,24277.5,24271.65,24274.6,0
1786517700,24275.0,24278.35,24272.25,24275.45,0
1786517760,24276.55,24278.4,24275.55,24277.6,0
1786517820,24279.45,24279.45,24274.15,24276.95,0
1786517880,24276.35,24279.2,24275.55,24279.2,0
1786517940,24279.5,24282.8,24278.05,24281.3,0
1786518000,24282.1,24283.65,24278.6,24278.95,0
1786518060,24279.6,24281.3,24275.25,24280.7,0
1786518120,24281.5,24282.55,24276.1,24281.2,0
1786518180,24281.25,24287.8,24280.95,24287.35,0
1786518240,24288.7,24292.75,24287.35,24288.6,0
1786518300,24288.7,24290.85,24287.05,24287.85,0
1786518360,24287.3,24290.0,24285.6,24286.8,0
1786518420,24286.75,24288.4,24284.7,24284.7,0
1786518480,24286.5,24288.15,24284.15,24286.65,0
1786518540,24287.25,24289.75,24285.5,24289.45,0
1786518600,24289.95,24292.95,24288.8,24292.05,0
1786518660,24292.35,24299.85,24290.3,24298.2,0
1786518720,24297.65,24303.2,24294.15,24294.15,0
1786518780,24293.9,24295.75,24280.4,24282.75,0
1786518840,24282.8,24285.85,24281.4,24283.05,0
1786518900,24283.1,24287.15,24281.25,24281.9,0
1786518960,24281.3,24283.7,24276.3,24276.6,0
1786519020,24276.9,24285.45,24275.65,24284.25,0
1786519080,24284.95,24288.55,24282.5,24286.75,0
1786519140,24288.35,24288.35,24281.65,24283.3,0
1786519200,24283.6,24284.2,24280.5,24283.55,0
1786519260,24283.65,24289.7,24283.4,24287.9,0
1786519320,24288.35,24289.75,24284.85,24286.35,0
1786519380,24286.45,24287.55,24282.4,24283.35,0
1786519440,24283.4,24285.35,24274.9,24275.7,0
1786519500,24275.15,24276.8,24271.35,24272.8,0
1786519560,24273.65,24275.0,24270.8,24274.25,0
1786519620,24274.5,24274.65,24270.15,24271.9,0
1786519680,24271.9,24274.65,24270.15,24273.9,0
1786519740,24273.35,24276.85,24272.0,24275.9,0
1786519800,24276.55,24279.95,24272.9,24277.85,0
1786519860,24278.0,24281.75,24275.85,24280.5,0
1786519920,24280.45,24284.9,24280.1,24283.6,0
1786519980,24283.5,24285.5,24282.4,24284.5,0
1786520040,24284.85,24286.6,24281.35,24281.7,0
1786520100,24280.8,24282.1,24278.75,24279.95,0
1786520160,24279.8,24282.45,24279.8,24280.15,0
1786520220,24281.4,24282.7,24278.4,24281.05,0
1786520280,24280.95,24282.1,24279.0,24279.9,0
1786520340,24279.35,24281.65,24277.75,24281.1,0
1786520400,24280.95,24282.2,24279.3,24280.15,0
1786520460,24280.75,24282.8,24278.95,24281.4,0
1786520520,24281.4,24282.35,24278.95,24280.85,0
1786520580,24282.15,24283.0,24279.9,24281.6,0
1786520640,24282.8,24288.4,24281.75,24287.95,0
1786520700,24288.25,24288.7,24284.4,24287.5,0
1786520760,24286.95,24293.3,24285.9,24293.05,0
1786520820,24293.7,24295.8,24291.55,24293.1,0
1786520880,24292.95,24298.65,24292.4,24298.3,0
1786520940,24298.15,24300.7,24295.95,24296.75,0
1786521000,24295.95,24297.2,24291.6,24295.4,0
1786521060,24294.95,24296.05,24292.05,24292.35,0
1786521120,24293.65,24295.2,24292.0,24294.6,0
1786521180,24294.9,24294.95,24292.6,24294.05,0
1786521240,24294.1,24298.05,24294.1,24296.0,0
1786521300,24296.15,24298.2,24287.05,24293.95,0
1786521360,24295.05,24296.3,24291.85,24291.85,0
1786521420,24292.25,24294.35,24286.5,24287.75,0
1786521480,24288.0,24292.5,24282.0,24289.55,0
1786521540,24288.8,24294.0,24286.75,24291.55,0
1786521600,24292.85,24298.4,24292.85,24297.15,0
1786521660,24298.6,24298.6,24291.85,24294.9,0
1786521720,24294.7,24298.35,24292.1,24293.1,0
1786521780,24294.3,24296.45,24291.65,24294.3,0
1786521840,24293.8,24295.8,24290.65,24293.45,0
1786521900,24293.5,24299.1,24293.05,24296.95,0
1786521960,24297.4,24301.45,24296.75,24299.15,0
1786522020,24299.05,24300.95,24295.15,24295.8,0
1786522080,24295.45,24295.45,24288.65,24289.3,0
1786522140,24289.15,24294.0,24288.9,24294.0,0
1786522200,24295.4,24298.75,24294.35,24296.95,0
1786522260,24296.45,24299.5,24289.75,24289.75,0
1786522320,24291.55,24291.7,24288.0,24289.15,0
1786522380,24290.8,24290.85,24286.05,24289.0,0
1786522440,24290.95,24290.95,24285.55,24289.7,0
1786522500,24290.15,24292.4,24285.85,24287.25,0
1786522560,24289.1,24289.1,24286.1,24286.15,0
1786522620,24286.15,24288.2,24284.15,24285.85,0
1786522680,24285.85,24287.15,24283.4,24283.95,0
1786522740,24284.15,24291.05,24283.9,24289.1,0
1786522800,24289.95,24292.05,24286.6,24287.8,0
1786522860,24288.65,24290.3,24287.2,24288.7,0
1786522920,24290.0,24290.2,24287.15,24289.4,0
1786522980,24288.9,24290.8,24287.25,24287.8,0
1786523040,24289.1,24290.1,24285.25,24286.65,0
1786523100,24287.25,24290.2,24286.85,24287.45,0
1786523160,24288.9,24288.9,24284.6,24284.7,0
1786523220,24285.0,24286.3,24281.15,24281.45,0
1786523280,24282.5,24283.1,24280.0,24282.35,0
1786523340,24283.25,24287.55,24281.35,24286.45,0
1786523400,24286.4,24288.9,24284.05,24286.55,0
1786523460,24286.5,24287.65,24282.65,24283.3,0
1786523520,24283.7,24287.0,24281.35,24282.0,0
1786523580,24283.4,24285.8,24281.35,24283.55,0
1786523640,24283.3,24285.5,24276.85,24278.7,0
1786523700,24280.2,24283.05,24278.6,24279.2,0
1786523760,24279.65,24282.9,24279.55,24281.55,0
1786523820,24282.5,24282.8,24279.4,24282.5,0
1786523880,24282.35,24284.7,24281.0,24281.65,0
1786523940,24282.0,24286.1,24281.25,24284.3,0
1786524000,24284.35,24287.95,24281.9,24283.85,0
1786524060,24283.8,24285.35,24277.45,24279.5,0
1786524120,24280.15,24282.35,24278.85,24279.95,0
1786524180,24280.55,24282.1,24276.9,24278.55,0
1786524240,24278.45,24280.2,24275.4,24278.2,0
1786524300,24279.35,24283.85,24277.45,24283.0,0
1786524360,24283.3,24288.9,24281.95,24288.05,0
1786524420,24288.75,24290.7,24287.2,24289.25,0
1786524480,24289.45,24291.25,24286.55,24287.45,0
1786524540,24287.5,24291.05,24286.05,24289.65,0
1786524600,24291.0,24292.95,24287.4,24288.85,0
1786524660,24289.85,24292.4,24287.5,24290.0,0
1786524720,24291.3,24292.85,24288.3,24289.55,0
1786524780,24290.0,24294.6,24290.0,24294.05,0
1786524840,24295.1,24296.0,24290.25,24290.3,0
1786524900,24293.15,24295.65,24290.85,24293.9,0
1786524960,24295.55,24296.6,24293.3,24296.2,0
1786525020,24297.9,24299.4,24294.2,24296.3,0
1786525080,24298.7,24298.75,24291.15,24294.1,0
1786525140,24295.05,24300.7,24293.15,24298.55,0
1786525200,24299.65,24309.5,24297.75,24305.75,0
1786525260,24307.25,24312.55,24298.85,24306.35,0
1786525320,24307.4,24327.25,24302.6,24326.55,0
1786525380,24326.8,24331.3,24324.35,24328.75,0
1786525440,24329.35,24330.3,24321.35,24321.95,0
1786525500,24321.6,24325.8,24318.55,24318.65,0
1786525560,24320.9,24322.75,24314.75,24318.15,0
1786525620,24319.95,24320.05,24312.55,24313.95,0
1786525680,24315.65,24320.75,24313.6,24318.65,0
1786525740,24318.35,24320.9,24315.7,24315.8,0
1786525800,24318.1,24318.8,24314.3,24317.75,0
1786525860,24319.15,24322.05,24317.35,24321.2,0
1786525920,24323.45,24328.5,24320.15,24327.7,0
1786525980,24327.65,24334.7,24323.85,24324.65,0
1786526040,24327.0,24329.65,24320.85,24326.0,0
1786526100,24327.95,24332.15,24324.15,24324.15,0
1786526160,24324.6,24332.45,24323.4,24332.45,0
1786526220,24332.6,24333.2,24326.5,24327.85,0
1786526280,24328.65,24331.15,24323.5,24324.15,0
1786526340,24325.65,24325.85,24316.75,24322.9,0
1786526400,24322.2,24329.5,24322.2,24326.65,0
1786526460,24326.75,24328.5,24319.3,24320.25,0
1786526520,24320.5,24334.0,24320.35,24333.05,0
1786526580,24333.7,24342.95,24333.25,24342.95,0
1786526640,24343.45,24374.6,24343.0,24374.6,0
1786526700,24375.1,24384.9,24366.05,24367.4,0
1786526760,24369.4,24369.4,24354.2,24355.65,0
1786526820,24356.4,24365.5,24353.6,24365.15,0
1786526880,24366.4,24367.45,24359.05,24362.4,0
1786526940,24363.45,24371.15,24363.2,24371.15,0
1786527000,24371.45,24372.3,24365.1,24366.35,0
1786527060,24365.2,24372.45,24365.15,24371.25,0
1786527120,24370.55,24375.45,24367.3,24368.85,0
1786527180,24368.3,24371.45,24361.4,24364.65,0
1786527240,24364.6,24365.5,24361.8,24364.0,0
1786527300,24363.7,24364.2,24356.5,24358.9,0
1786527360,24357.6,24361.65,24351.6,24351.6,0
1786527420,24350.7,24353.95,24349.05,24351.3,0
1786527480,24351.8,24352.5,24345.65,24347.1,0
1786527540,24345.7,24356.5,24341.8,24356.5,0
1786527600,24355.0,24358.4,24350.8,24356.05,0
1786527660,24356.25,24369.5,24355.7,24368.7,0
1786527720,24367.9,24375.55,24364.2,24366.1,0
1786527780,24365.6,24373.35,24364.2,24367.2,0
1786527840,24367.35,24374.65,24361.7,24361.7,0
1786527900,24361.7,24361.7,24361.7,24361.7,0
1786527960,24361.7,24361.7,24361.7,24361.7,0
1786528020,24361.7,24361.7,24361.7,24361.7,0
1786528080,24361.7,24361.7,24361.7,24361.7,0
1786528140,24361.7,24361.7,24361.7,24361.7,0
1786528200,24361.7,24361.7,24361.7,24361.7,0
1786528260,24361.7,24361.7,24361.7,24361.7,0
1786528320,24361.7,24361.7,24361.7,24361.7,0
1786528380,24361.7,24361.7,24361.7,24361.7,0
1786528440,24361.7,24361.7,24361.7,24361.7,0
1786528500,24361.7,24361.7,24361.7,24361.7,0
1786528560,24361.7,24361.7,24361.7,24361.7,0
1786528620,24361.7,24361.7,24361.7,24361.7,0
1786528680,24361.7,24435.95,24361.7,24435.95,0
1786528740,24435.95,24435.95,24435.95,24435.95,0
1786528800,24435.95,24435.95,24435.95,24435.95,0
1786592700,24431.6,24431.6,24351.35,24360.75,0
1786592760,24361.25,24371.65,24348.3,24354.65,0
1786592820,24355.65,24355.65,24336.15,24345.0,0
1786592880,24345.4,24345.5,24337.2,24342.7,0
1786592940,24344.95,24348.65,24340.7,24342.55,0
1786593000,24344.9,24348.2,24339.7,24346.95,0
1786593060,24348.4,24358.55,24346.45,24347.6,0
1786593120,24346.95,24353.1,24342.35,24352.8,0
1786593180,24351.5,24354.8,24341.85,24344.9,0
1786593240,24347.55,24350.1,24340.55,24348.2,0
1786593300,24351.15,24352.3,24342.5,24347.55,0
1786593360,24349.55,24349.55,24337.3,24338.3,0
1786593420,24341.6,24341.6,24330.75,24331.9,0
1786593480,24333.25,24334.4,24327.5,24329.55,0
1786593540,24332.15,24340.1,24326.75,24339.15,0
1786593600,24342.05,24344.15,24326.95,24327.3,0
1786593660,24329.9,24333.4,24324.8,24327.2,0
1786593720,24328.05,24328.05,24319.65,24324.9,0
1786593780,24326.6,24327.1,24317.65,24318.0,0
1786593840,24319.35,24325.75,24316.5,24324.35,0
1786593900,24326.25,24328.3,24322.6,24327.5,0
1786593960,24328.0,24330.95,24325.55,24325.8,0
1786594020,24327.2,24329.0,24324.2,24325.85,0
1786594080,24327.4,24336.15,24325.4,24335.75,0
1786594140,24338.05,24342.0,24335.65,24339.65,0
1786594200,24341.95,24345.85,24335.8,24341.5,0
1786594260,24343.1,24344.9,24338.85,24339.6,0
1786594320,24340.65,24342.65,24337.1,24339.55,0
1786594380,24340.3,24350.85,24339.45,24348.05,0
1786594440,24349.45,24350.95,24344.5,24346.35,0
1786594500,24347.5,24348.3,24342.55,24347.2,0
1786594560,24347.55,24351.9,24341.7,24342.0,0
1786594620,24341.4,24342.6,24336.65,24339.05,0
1786594680,24341.0,24355.3,24339.4,24352.3,0
1786594740,24354.55,24354.55,24346.6,24349.55,0
1786594800,24350.85,24356.65,24349.3,24350.2,0
1786594860,24351.6,24354.4,24347.7,24349.75,0
1786594920,24350.85,24350.85,24337.55,24338.05,0
1786594980,24338.8,24349.75,24338.1,24348.25,0
1786595040,24351.2,24356.0,24348.7,24354.45,0
1786595100,24355.9,24355.9,24350.85,24353.95,0
1786595160,24355.7,24356.2,24349.9,24353.05,0
1786595220,24353.95,24353.95,24346.55,24348.7,0
1786595280,24349.25,24351.4,24344.8,24351.0,0
1786595340,24351.8,24352.7,24347.9,24351.55,0
1786595400,24352.0,24353.15,24345.95,24346.25,0
1786595460,24347.45,24350.55,24343.8,24350.15,0
1786595520,24350.25,24353.45,24346.1,24347.35,0
1786595580,24348.85,24354.55,24346.05,24346.65,0
1786595640,24347.7,24348.5,24342.35,24342.8,0
1786595700,24345.6,24351.25,24340.6,24350.45,0
1786595760,24350.95,24352.6,24345.6,24352.35,0
1786595820,24353.35,24353.35,24343.05,24344.45,0
1786595880,24346.05,24346.05,24341.05,24343.8,0
1786595940,24343.5,24344.3,24336.95,24337.2,0
1786596000,24338.95,24340.95,24335.3,24336.65,0
1786596060,24338.2,24338.2,24330.3,24332.4,0
1786596120,24335.75,24341.05,24331.8,24341.05,0
1786596180,24342.45,24350.3,24341.25,24347.55,0
1786596240,24347.7,24349.3,24343.55,24343.55,0
1786596300,24346.25,24346.25,24339.55,24340.35,0
1786596360,24341.7,24341.7,24334.1,24338.2,0
1786596420,24339.3,24339.3,24331.65,24333.45,0
1786596480,24335.7,24339.3,24333.4,24338.65,0
1786596540,24340.4,24342.55,24335.5,24336.6,0
1786596600,24338.35,24340.25,24332.45,24334.05,0
1786596660,24334.35,24338.1,24332.15,24337.6,0
1786596720,24337.95,24338.25,24332.75,24336.35,0
1786596780,24336.65,24336.8,24327.55,24328.0,0
1786596840,24330.05,24334.25,24328.1,24329.15,0
1786596900,24330.9,24330.9,24325.8,24327.15,0
1786596960,24328.4,24331.85,24326.35,24331.4,0
1786597020,24332.6,24332.6,24326.6,24328.9,0
1786597080,24329.65,24329.65,24326.0,24327.05,0
1786597140,24328.15,24328.15,24318.2,24319.15,0
1786597200,24320.4,24320.4,24311.45,24312.95,0
1786597260,24313.0,24318.05,24312.5,24314.7,0
1786597320,24316.85,24323.0,24313.8,24320.45,0
1786597380,24324.55,24325.0,24318.55,24319.2,0
1786597440,24320.35,24322.75,24317.75,24322.05,0
1786597500,24322.5,24326.25,24319.75,24325.25,0
1786597560,24325.25,24325.25,24318.25,24325.05,0
1786597620,24326.35,24329.8,24324.85,24327.15,0
1786597680,24330.35,24330.35,24324.1,24326.55,0
1786597740,24327.9,24328.65,24325.35,24327.1,0
1786597800,24328.15,24330.0,24325.75,24326.85,0
1786597860,24329.25,24330.8,24324.75,24329.3,0
1786597920,24330.55,24330.75,24328.25,24329.65,0
1786597980,24330.55,24331.7,24327.15,24328.9,0
1786598040,24329.15,24332.8,24327.9,24330.8,0
1786598100,24331.1,24331.55,24326.7,24329.7,0
1786598160,24330.85,24332.75,24328.15,24330.75,0
1786598220,24332.5,24335.9,24330.0,24335.9,0
1786598280,24337.05,24339.7,24332.65,24338.7,0
1786598340,24341.45,24341.7,24337.1,24339.65,0
1786598400,24340.35,24342.7,24338.65,24342.6,0
1786598460,24344.0,24345.75,24341.2,24345.75,0
1786598520,24346.4,24348.65,24342.45,24343.5,0
1786598580,24346.75,24347.5,24343.25,24343.25,0
1786598640,24344.45,24347.6,24339.1,24339.45,0
1786598700,24342.2,24344.8,24340.4,24342.9,0
1786598760,24344.7,24345.1,24340.55,24341.15,0
1786598820,24343.2,24343.75,24338.7,24340.85,0
1786598880,24341.7,24342.7,24337.3,24337.7,0
1786598940,24338.9,24339.65,24336.25,24338.25,0
1786599000,24339.85,24339.95,24334.2,24338.35,0
1786599060,24340.0,24340.0,24330.1,24330.1,0
1786599120,24332.75,24333.4,24326.0,24327.8,0
1786599180,24328.4,24330.25,24325.75,24327.6,0
1786599240,24328.8,24328.8,24322.1,24325.8,0
1786599300,24325.55,24325.6,24320.5,24322.75,0
1786599360,24323.8,24324.6,24320.35,24321.15,0
1786599420,24320.45,24321.95,24314.3,24317.05,0
1786599480,24318.7,24320.85,24317.25,24319.5,0
1786599540,24320.7,24325.25,24319.4,24324.5,0
1786599600,24325.9,24329.1,24324.75,24325.55,0
1786599660,24327.65,24327.65,24323.7,24323.7,0
1786599720,24325.2,24325.2,24321.1,24323.0,0
1786599780,24323.25,24325.45,24320.2,24320.2,0
1786599840,24322.25,24322.25,24316.95,24319.05,0
1786599900,24319.85,24322.3,24317.8,24322.1,0
1786599960,24322.95,24323.9,24317.95,24318.5,0
1786600020,24320.5,24322.9,24318.25,24320.45,0
1786600080,24321.3,24324.0,24319.95,24323.2,0
1786600140,24324.55,24326.5,24322.9,24324.65,0
1786600200,24326.0,24326.0,24322.15,24324.2,0
1786600260,24325.4,24325.4,24320.2,24321.6,0
1786600320,24324.05,24328.45,24322.25,24328.45,0
1786600380,24329.6,24330.8,24325.9,24325.9,0
1786600440,24328.3,24328.3,24323.5,24327.25,0
1786600500,24327.1,24334.45,24326.2,24331.9,0
1786600560,24333.05,24333.8,24329.85,24331.95,0
1786600620,24333.1,24339.6,24331.25,24335.85,0
1786600680,24336.65,24337.2,24333.9,24336.1,0
1786600740,24336.6,24339.6,24333.75,24338.8,0
1786600800,24339.95,24344.0,24338.1,24343.1,0
1786600860,24343.75,24346.7,24341.6,24346.5,0
1786600920,24348.05,24348.1,24343.25,24344.2,0
1786600980,24345.35,24347.5,24342.95,24347.05,0
1786601040,24348.25,24348.25,24344.75,24345.45,0
1786601100,24346.75,24348.5,24344.85,24346.3,0
1786601160,24347.5,24353.65,24344.15,24352.6,0
1786601220,24353.55,24355.5,24351.7,24352.1,0
1786601280,24353.85,24356.5,24352.3,24353.7,0
1786601340,24354.65,24359.85,24353.25,24358.5,0
1786601400,24360.2,24363.35,24354.25,24355.7,0
1786601460,24356.75,24357.1,24350.55,24351.15,0
1786601520,24352.4,24352.4,24347.45,24348.7,0
1786601580,24350.0,24351.5,24347.45,24349.25,0
1786601640,24351.2,24353.85,24348.3,24350.05,0
1786601700,24350.65,24352.6,24347.65,24349.1,0
1786601760,24350.0,24350.1,24346.85,24347.65,0
1786601820,24349.7,24355.05,24348.3,24352.4,0
1786601880,24352.45,24356.05,24352.4,24353.8,0
1786601940,24355.9,24358.2,24353.85,24357.2,0
1786602000,24359.0,24359.75,24355.95,24356.3,0
1786602060,24358.2,24360.3,24355.25,24359.75,0
1786602120,24360.15,24362.5,24357.35,24360.45,0
1786602180,24360.45,24362.1,24358.25,24360.6,0
1786602240,24361.9,24361.9,24356.1,24357.45,0
1786602300,24358.8,24359.3,24355.7,24357.95,0
1786602360,24360.15,24364.1,24356.3,24361.95,0
1786602420,24364.3,24371.2,24361.3,24371.2,0
1786602480,24372.85,24377.15,24370.35,24376.85,0
1786602540,24378.2,24386.8,24375.45,24386.45,0
1786602600,24387.6,24407.65,24386.3,24402.5,0
1786602660,24403.4,24404.25,24399.15,24401.75,0
1786602720,24403.3,24406.55,24398.55,24406.0,0
1786602780,24407.85,24414.75,24404.15,24412.95,0
1786602840,24414.9,24414.9,24407.3,24407.55,0
1786602900,24409.1,24413.8,24407.55,24411.3,0
1786602960,24413.1,24413.1,24406.95,24408.1,0
1786603020,24409.55,24409.9,24401.95,24408.15,0
1786603080,24408.15,24410.4,24405.8,24406.45,0
1786603140,24407.85,24408.7,24402.1,24403.0,0
1786603200,24402.85,24406.45,24401.3,24402.55,0
1786603260,24403.65,24403.65,24395.4,24396.05,0
1786603320,24399.7,24399.7,24392.0,24392.05,0
1786603380,24394.15,24396.1,24391.8,24395.25,0
1786603440,24396.3,24397.2,24394.15,24395.65,0
1786603500,24397.4,24399.15,24390.4,24395.6,0
1786603560,24397.1,24399.05,24394.1,24395.85,0
1786603620,24396.8,24398.3,24390.9,24391.7,0
1786603680,24394.0,24394.0,24390.65,24393.0,0
1786603740,24394.55,24395.55,24390.5,24392.15,0
1786603800,24393.2,24393.45,24389.75,24391.4,0
1786603860,24393.75,24393.75,24389.4,24389.6,0
1786603920,24392.25,24393.25,24388.25,24392.3,0
1786603980,24393.75,24398.15,24391.8,24397.25,0
1786604040,24398.25,24402.0,24395.8,24399.2,0
1786604100,24401.1,24403.55,24397.5,24401.8,0
1786604160,24401.85,24402.8,24398.15,24398.9,0
1786604220,24398.15,24400.0,24394.95,24396.05,0
1786604280,24397.25,24399.0,24391.5,24392.5,0
1786604340,24394.1,24394.8,24391.05,24393.35,0
1786604400,24395.8,24398.95,24392.3,24394.5,0
1786604460,24396.55,24396.55,24391.9,24393.85,0
1786604520,24394.3,24396.75,24391.65,24394.75,0
1786604580,24394.75,24396.55,24393.35,24395.6,0
1786604640,24396.85,24399.55,24394.05,24398.6,0
1786604700,24399.75,24400.0,24396.85,24397.75,0
1786604760,24399.55,24400.2,24395.35,24396.65,0
1786604820,24398.9,24398.9,24391.6,24391.8,0
1786604880,24393.45,24393.45,24385.6,24388.6,0
1786604940,24389.3,24391.4,24385.65,24390.4,0
1786605000,24391.6,24397.4,24390.55,24396.8,0
1786605060,24398.15,24401.25,24395.8,24395.8,0
1786605120,24396.05,24397.55,24393.4,24393.9,0
1786605180,24394.9,24394.9,24389.15,24391.2,0
1786605240,24392.3,24396.1,24390.3,24391.7,0
1786605300,24393.55,24393.55,24388.25,24390.15,0
1786605360,24392.25,24392.25,24383.5,24384.5,0
1786605420,24386.1,24386.1,24378.5,24379.8,0
1786605480,24379.95,24382.65,24375.65,24376.6,0
1786605540,24379.0,24379.0,24372.15,24372.75,0
1786605600,24372.4,24373.85,24368.55,24369.8,0
1786605660,24370.3,24370.3,24361.35,24365.05,0
1786605720,24366.2,24370.75,24365.0,24369.5,0
1786605780,24371.4,24372.6,24367.05,24368.85,0
1786605840,24370.35,24371.15,24366.2,24370.1,0
1786605900,24370.95,24370.95,24367.15,24369.65,0
1786605960,24369.25,24370.7,24364.7,24365.8,0
1786606020,24367.45,24367.45,24362.55,24363.1,0
1786606080,24365.5,24365.6,24361.4,24363.9,0
1786606140,24365.2,24369.15,24362.9,24369.15,0
1786606200,24370.15,24371.75,24368.0,24369.0,0
1786606260,24370.85,24371.65,24368.15,24368.65,0
1786606320,24371.2,24371.35,24367.7,24369.2,0
1786606380,24370.75,24370.8,24364.7,24367.15,0
1786606440,24368.0,24368.0,24360.55,24361.55,0
1786606500,24363.7,24365.85,24361.15,24363.7,0
1786606560,24365.55,24367.9,24363.25,24366.2,0
1786606620,24366.5,24366.7,24362.7,24364.8,0
1786606680,24365.4,24365.4,24361.95,24362.45,0
1786606740,24365.25,24369.35,24362.55,24367.15,0
1786606800,24368.75,24371.85,24365.7,24369.45,0
1786606860,24371.6,24371.6,24361.7,24363.8,0
1786606920,24363.7,24365.85,24355.65,24357.6,0
1786606980,24359.5,24360.35,24353.6,24357.1,0
1786607040,24358.0,24363.9,24355.85,24362.2,0
1786607100,24362.25,24364.6,24348.9,24349.85,0
1786607160,24356.1,24357.7,24352.85,24356.55,0
1786607220,24358.7,24372.8,24357.75,24369.2,0
1786607280,24370.4,24370.4,24356.35,24357.7,0
1786607340,24361.4,24361.4,24351.75,24355.25,0
1786607400,24357.3,24359.9,24355.0,24359.15,0
1786607460,24361.0,24365.0,24359.0,24363.25,0
1786607520,24365.55,24365.55,24358.15,24358.15,0
1786607580,24360.45,24360.45,24350.95,24352.3,0
1786607640,24354.2,24356.95,24351.65,24356.2,0
1786607700,24357.25,24357.25,24348.85,24351.6,0
1786607760,24353.35,24358.3,24351.35,24357.8,0
1786607820,24358.9,24361.45,24355.9,24359.0,0
1786607880,24361.3,24361.85,24357.2,24357.2,0
1786607940,24359.05,24359.05,24356.35,24356.75,0
1786608000,24358.55,24358.55,24351.95,24351.95,0
1786608060,24353.75,24357.1,24348.8,24356.2,0
1786608120,24357.25,24357.5,24352.55,24357.4,0
1786608180,24359.3,24362.75,24357.75,24358.85,0
1786608240,24360.15,24361.0,24350.65,24351.35,0
1786608300,24353.1,24358.95,24350.5,24355.3,0
1786608360,24357.2,24359.05,24354.85,24356.85,0
1786608420,24358.4,24361.5,24354.45,24359.4,0
1786608480,24361.4,24362.95,24357.95,24361.05,0
1786608540,24362.7,24364.8,24360.15,24363.45,0
1786608600,24365.35,24368.3,24363.95,24366.1,0
1786608660,24368.05,24369.45,24361.05,24368.45,0
1786608720,24370.55,24375.35,24368.35,24372.3,0
1786608780,24374.9,24383.85,24372.45,24379.5,0
1786608840,24379.95,24388.0,24379.95,24383.8,0
1786608900,24385.05,24385.05,24380.05,24381.6,0
1786608960,24381.6,24384.05,24379.5,24382.3,0
1786609020,24383.7,24395.1,24382.4,24390.75,0
1786609080,24390.5,24391.45,24374.15,24375.65,0
1786609140,24378.25,24380.8,24370.65,24377.35,0
1786609200,24381.35,24381.35,24374.55,24376.1,0
1786609260,24378.15,24381.2,24375.85,24380.3,0
1786609320,24380.65,24382.7,24377.7,24381.75,0
1786609380,24382.6,24383.4,24379.0,24382.3,0
1786609440,24383.7,24388.3,24380.85,24385.35,0
1786609500,24388.0,24393.2,24386.35,24390.95,0
1786609560,24394.55,24396.55,24390.35,24393.45,0
1786609620,24394.15,24394.15,24388.0,24391.55,0
1786609680,24393.2,24393.2,24385.25,24387.45,0
1786609740,24388.95,24396.2,24387.65,24394.2,0
1786609800,24394.15,24395.75,24382.25,24383.15,0
1786609860,24384.85,24384.85,24377.15,24379.6,0
1786609920,24380.3,24380.8,24376.0,24377.55,0
1786609980,24378.7,24379.9,24374.35,24376.0,0
1786610040,24378.25,24381.25,24375.8,24378.15,0
1786610100,24380.05,24382.4,24372.9,24373.7,0
1786610160,24376.25,24376.25,24369.4,24369.95,0
1786610220,24371.8,24371.85,24366.1,24366.3,0
1786610280,24367.6,24367.6,24359.4,24359.6,0
1786610340,24359.3,24362.0,24356.3,24359.0,0
1786610400,24360.65,24360.65,24356.45,24360.0,0
1786610460,24361.45,24363.9,24357.7,24358.7,0
1786610520,24360.2,24360.2,24354.45,24357.4,0
1786610580,24360.05,24360.55,24355.5,24355.7,0
1786610640,24358.35,24358.35,24353.15,24355.4,0
1786610700,24356.05,24358.85,24353.8,24357.65,0
1786610760,24359.35,24360.0,24356.45,24358.45,0
1786610820,24359.6,24359.6,24350.95,24351.6,0
1786610880,24352.15,24353.8,24349.2,24350.6,0
1786610940,24353.3,24363.9,24349.9,24360.8,0
1786611000,24363.1,24369.45,24362.4,24368.45,0
1786611060,24368.3,24373.5,24366.95,24373.1,0
1786611120,24373.95,24375.65,24370.15,24371.0,0
1786611180,24372.2,24375.5,24371.15,24373.05,0
1786611240,24374.6,24377.5,24372.1,24373.15,0
1786611300,24373.15,24376.15,24369.7,24369.7,0
1786611360,24373.6,24375.45,24368.85,24374.35,0
1786611420,24375.5,24377.2,24372.35,24375.5,0
1786611480,24376.8,24376.8,24369.6,24370.35,0
1786611540,24368.1,24376.05,24366.1,24371.65,0
1786611600,24373.5,24375.5,24368.7,24370.45,0
1786611660,24372.5,24372.5,24363.95,24367.35,0
1786611720,24368.4,24368.6,24360.25,24361.45,0
1786611780,24364.15,24364.15,24358.8,24361.65,0
1786611840,24363.3,24363.65,24357.95,24361.1,0
1786611900,24363.65,24364.95,24360.2,24361.35,0
1786611960,24361.9,24363.65,24353.1,24358.2,0
1786612020,24360.6,24366.05,24358.15,24364.4,0
1786612080,24366.6,24367.35,24362.85,24365.25,0
1786612140,24364.8,24366.9,24364.1,24365.4,0
1786612200,24366.55,24371.2,24364.7,24368.6,0
1786612260,24370.85,24371.85,24366.85,24367.45,0
1786612320,24369.4,24370.25,24365.85,24366.1,0
1786612380,24368.15,24368.15,24363.7,24364.85,0
1786612440,24365.1,24365.25,24358.45,24359.85,0
1786612500,24362.45,24362.45,24355.75,24357.55,0
1786612560,24357.7,24359.85,24354.8,24359.35,0
1786612620,24359.6,24361.0,24353.5,24354.5,0
1786612680,24356.1,24356.1,24349.8,24353.7,0
1786612740,24354.4,24354.9,24350.0,24352.25,0
1786612800,24354.75,24357.85,24351.0,24354.6,0
1786612860,24355.4,24355.4,24348.6,24351.25,0
1786612920,24353.65,24355.05,24350.95,24352.7,0
1786612980,24353.25,24353.65,24347.6,24350.9,0
1786613040,24351.85,24353.65,24347.15,24351.85,0
1786613100,24351.9,24355.8,24350.6,24352.3,0
1786613160,24352.2,24352.6,24347.65,24348.35,0
1786613220,24349.5,24353.25,24346.85,24350.7,0
1786613280,24351.45,24351.6,24336.5,24337.05,0
1786613340,24338.65,24348.55,24338.0,24344.45,0
1786613400,24345.55,24345.7,24339.25,24342.45,0
1786613460,24345.65,24353.1,24345.4,24352.65,0
1786613520,24351.65,24360.5,24351.2,24357.9,0
1786613580,24355.6,24360.1,24349.8,24356.65,0
1786613640,24354.25,24360.25,24354.25,24358.25,0
1786613700,24356.95,24357.55,24347.3,24348.2,0
1786613760,24349.85,24350.45,24343.2,24344.75,0
1786613820,24345.55,24352.7,24343.35,24352.3,0
1786613880,24352.1,24355.2,24348.0,24352.9,0
1786613940,24352.8,24354.4,24342.15,24347.75,0
1786614000,24348.45,24359.35,24345.65,24357.25,0
1786614060,24357.3,24358.25,24348.7,24349.85,0
1786614120,24350.55,24352.85,24342.25,24351.9,0
1786614180,24353.6,24364.5,24349.6,24362.0,0
1786614240,24361.7,24364.4,24350.25,24352.55,0
1786614300,24352.7,24353.35,24352.7,24353.35,0
1786614360,24353.35,24353.35,24353.35,24353.35,0
1786614420,24353.35,24353.35,24353.35,24353.35,0
1786614480,24353.35,24353.35,24353.35,24353.35,0
1786614540,24353.35,24353.35,24353.35,24353.35,0
1786614600,24353.35,24353.35,24353.35,24353.35,0
1786614660,24353.35,24353.35,24353.35,24353.35,0
1786614720,24353.35,24353.35,24353.35,24353.35,0
1786614780,24353.35,24353.35,24353.35,24353.35,0
1786614840,24353.35,24353.35,24353.35,24353.35,0
1786614900,24353.35,24353.35,24353.35,24353.35,0
1786614960,24353.35,24353.35,24353.35,24353.35,0
1786615020,24353.35,24353.35,24353.35,24353.35,0
1786615080,24353.35,24353.35,24353.35,24353.35,0
1786615140,24353.35,24395.85,24353.35,24395.85,0
1786615200,24395.85,24395.85,24395.85,24395.85,0
1786679100,24363.75,24363.75,24318.15,24327.75,0
1786679160,24329.0,24333.1,24318.05,24331.8,0
1786679220,24332.6,24332.6,24319.05,24322.1,0
1786679280,24324.05,24327.7,24315.65,24318.75,0
1786679340,24320.4,24325.3,24314.1,24322.7,0
1786679400,24323.7,24324.4,24317.5,24319.0,0
1786679460,24317.85,24323.9,24315.75,24322.6,0
1786679520,24323.2,24326.25,24319.3,24322.05,0
1786679580,24323.8,24328.7,24322.0,24328.65,0
1786679640,24328.55,24335.9,24324.55,24324.85,0
1786679700,24324.95,24325.75,24318.05,24325.35,0
1786679760,24324.85,24326.05,24320.7,24323.55,0
1786679820,24324.65,24324.95,24318.8,24320.65,0
1786679880,24321.9,24323.55,24317.25,24317.5,0
1786679940,24318.0,24318.0,24307.2,24309.1,0
1786680000,24309.45,24309.9,24305.0,24306.35,0
1786680060,24307.4,24313.2,24304.6,24312.25,0
1786680120,24312.15,24326.9,24311.85,24320.05,0
1786680180,24320.6,24336.45,24319.0,24335.85,0
1786680240,24336.7,24336.7,24324.0,24325.75,0
1786680300,24327.45,24334.9,24326.45,24333.7,0
1786680360,24333.95,24337.85,24332.65,24332.85,0
1786680420,24332.6,24337.1,24329.3,24337.0,0
1786680480,24337.3,24342.35,24337.3,24341.2,0
1786680540,24342.05,24345.2,24336.9,24337.65,0
1786680600,24338.45,24338.65,24332.95,24333.5,0
1786680660,24335.25,24337.05,24328.85,24336.15,0
1786680720,24336.75,24338.25,24333.3,24334.7,0
1786680780,24334.9,24336.4,24329.3,24331.0,0
1786680840,24330.75,24332.75,24326.15,24332.05,0
1786680900,24332.9,24336.95,24331.85,24336.45,0
1786680960,24336.85,24345.0,24336.2,24344.3,0
1786681020,24344.45,24346.8,24339.15,24343.1,0
1786681080,24344.15,24345.3,24341.3,24343.8,0
1786681140,24344.2,24344.4,24339.05,24341.6,0
1786681200,24341.15,24345.2,24339.9,24343.25,0
1786681260,24340.05,24344.05,24338.75,24341.8,0
1786681320,24339.15,24342.55,24336.5,24338.2,0
1786681380,24336.45,24340.0,24330.4,24332.8,0
1786681440,24330.8,24334.85,24324.2,24324.7,0
1786681500,24326.45,24332.35,24322.55,24330.8,0
1786681560,24331.8,24339.95,24330.8,24337.4,0
1786681620,24337.65,24339.1,24335.7,24337.65,0
1786681680,24337.95,24343.0,24335.0,24341.55,0
1786681740,24341.65,24344.85,24340.15,24343.55,0
1786681800,24343.55,24347.95,24342.5,24346.35,0
1786681860,24347.1,24347.3,24340.65,24344.7,0
1786681920,24345.05,24353.35,24343.75,24351.35,0
1786681980,24351.0,24353.45,24347.55,24347.55,0
1786682040,24347.4,24350.75,24344.2,24350.7,0
1786682100,24350.85,24351.8,24348.25,24350.1,0
1786682160,24349.7,24350.6,24343.2,24343.75,0
1786682220,24344.3,24353.1,24344.1,24352.85,0
1786682280,24352.45,24353.2,24348.7,24350.7,0
1786682340,24350.25,24355.15,24349.35,24355.15,0
1786682400,24354.65,24358.95,24352.7,24358.2,0
1786682460,24358.6,24359.2,24352.3,24352.8,0
1786682520,24353.55,24353.65,24346.7,24347.2,0
1786682580,24348.0,24348.1,24342.85,24344.1,0
1786682640,24345.15,24347.1,24342.65,24345.45,0
1786682700,24345.15,24345.7,24342.55,24343.3,0
1786682760,24344.6,24345.1,24341.3,24342.8,0
1786682820,24343.9,24346.7,24340.95,24344.65,0
1786682880,24345.4,24347.0,24340.25,24340.25,0
1786682940,24341.6,24342.7,24336.2,24336.9,0
1786683000,24337.4,24341.1,24334.8,24335.5,0
1786683060,24338.2,24338.2,24332.95,24336.05,0
1786683120,24336.35,24337.95,24333.05,24334.45,0
1786683180,24335.55,24336.8,24332.3,24334.25,0
1786683240,24334.45,24335.2,24332.15,24334.05,0
1786683300,24334.85,24338.1,24333.45,24334.7,0
1786683360,24335.4,24335.85,24330.25,24332.65,0
1786683420,24332.25,24335.75,24331.35,24333.75,0
1786683480,24334.3,24335.6,24331.35,24331.95,0
1786683540,24332.6,24332.85,24329.55,24331.25,0
1786683600,24331.9,24332.25,24323.3,24323.75,0
1786683660,24324.7,24325.0,24309.55,24311.6,0
1786683720,24312.9,24313.7,24298.35,24304.25,0
1786683780,24304.2,24306.25,24299.25,24303.6,0
1786683840,24305.8,24309.75,24301.55,24309.25,0
1786683900,24309.0,24315.25,24307.1,24314.85,0
1786683960,24315.5,24318.05,24312.5,24312.5,0
1786684020,24313.0,24316.3,24310.15,24314.5,0
1786684080,24315.65,24319.85,24315.3,24318.3,0
1786684140,24317.65,24321.8,24316.2,24321.75,0
1786684200,24322.2,24322.5,24318.45,24319.35,0
1786684260,24319.55,24322.3,24316.75,24321.85,0
1786684320,24322.8,24322.8,24319.05,24320.85,0
1786684380,24319.95,24322.55,24317.45,24321.25,0
1786684440,24322.75,24325.7,24320.8,24324.7,0
1786684500,24325.25,24327.35,24324.1,24326.55,0
1786684560,24328.2,24330.3,24325.75,24328.9,0
1786684620,24329.45,24331.6,24327.5,24329.2,0
1786684680,24330.1,24335.2,24329.25,24334.7,0
1786684740,24335.1,24335.2,24332.1,24333.8,0
1786684800,24334.35,24336.45,24331.2,24335.6,0
1786684860,24335.6,24338.7,24334.15,24336.2,0
1786684920,24336.65,24336.65,24332.95,24334.5,0
1786684980,24334.55,24338.65,24333.0,24336.3,0
1786685040,24337.7,24338.65,24334.85,24336.7,0
1786685100,24335.45,24337.75,24332.0,24332.55,0
1786685160,24333.0,24334.4,24330.4,24332.95,0
1786685220,24334.45,24334.45,24325.0,24326.45,0
1786685280,24326.65,24327.05,24318.5,24319.5,0
1786685340,24320.75,24320.75,24312.0,24312.2,0
1786685400,24313.05,24313.05,24306.4,24308.05,0
1786685460,24309.15,24312.35,24306.95,24307.95,0
1786685520,24308.8,24317.85,24307.95,24317.6,0
1786685580,24318.05,24321.15,24315.85,24319.25,0
1786685640,24320.6,24322.35,24316.8,24320.85,0
1786685700,24321.95,24321.95,24315.95,24317.95,0
1786685760,24319.2,24319.75,24314.5,24317.2,0
1786685820,24316.75,24318.25,24314.05,24315.35,0
1786685880,24316.45,24316.95,24310.85,24311.85,0
1786685940,24312.15,24314.85,24309.35,24314.25,0
1786686000,24314.8,24318.55,24313.25,24317.55,0
1786686060,24318.25,24318.25,24312.95,24316.3,0
1786686120,24316.95,24317.7,24311.7,24313.9,0
1786686180,24315.0,24316.5,24312.6,24313.7,0
1786686240,24314.1,24316.65,24312.65,24315.0,0
1786686300,24315.5,24318.55,24313.95,24318.1,0
1786686360,24318.85,24322.65,24317.2,24319.95,0
1786686420,24319.65,24321.95,24317.3,24321.7,0
1786686480,24321.8,24324.9,24319.65,24324.3,0
1786686540,24324.0,24329.95,24322.7,24327.85,0
1786686600,24328.45,24328.7,24326.55,24327.8,0
1786686660,24328.4,24332.25,24326.4,24330.25,0
1786686720,24331.35,24331.8,24322.95,24327.85,0
1786686780,24328.05,24329.8,24324.95,24326.1,0
1786686840,24327.7,24329.65,24324.45,24327.7,0
1786686900,24328.25,24329.85,24325.5,24326.95,0
1786686960,24327.3,24327.45,24318.3,24319.4,0
1786687020,24322.15,24323.4,24319.05,24320.55,0
1786687080,24321.35,24321.35,24316.4,24317.0,0
1786687140,24317.3,24319.35,24313.45,24315.8,0
1786687200,24315.7,24316.35,24309.4,24311.35,0
1786687260,24312.45,24317.35,24311.95,24315.8,0
1786687320,24316.6,24316.9,24312.3,24315.7,0
1786687380,24316.2,24321.8,24315.1,24321.2,0
1786687440,24320.6,24321.4,24315.6,24318.75,0
1786687500,24318.45,24320.15,24315.65,24319.15,0
1786687560,24320.0,24320.65,24316.55,24317.0,0
1786687620,24317.5,24317.5,24312.35,24313.7,0
1786687680,24313.9,24316.4,24312.55,24314.7,0
1786687740,24314.85,24322.35,24314.3,24320.45,0
1786687800,24322.2,24324.0,24319.3,24323.65,0
1786687860,24322.45,24325.65,24320.95,24321.25,0
1786687920,24322.0,24323.6,24319.85,24322.0,0
1786687980,24322.8,24327.25,24322.8,24326.1,0
1786688040,24327.2,24330.7,24326.15,24327.7,0
1786688100,24328.0,24329.95,24325.25,24328.55,0
1786688160,24329.45,24336.95,24328.45,24335.35,0
1786688220,24336.2,24336.35,24330.55,24332.15,0
1786688280,24332.4,24333.25,24326.95,24329.25,0
1786688340,24329.05,24329.5,24325.55,24326.95,0
1786688400,24327.65,24330.0,24325.2,24329.1,0
1786688460,24329.65,24330.2,24326.75,24329.15,0
1786688520,24330.15,24332.35,24327.5,24331.85,0
1786688580,24332.3,24336.25,24331.0,24335.0,0
1786688640,24333.25,24336.1,24328.25,24329.75,0
1786688700,24330.55,24333.35,24328.85,24332.4,0
1786688760,24333.2,24333.6,24328.2,24328.6,0
1786688820,24329.4,24329.4,24321.95,24325.65,0
1786688880,24326.65,24328.35,24324.55,24327.3,0
1786688940,24328.05,24330.6,24325.85,24326.9,0
1786689000,24328.2,24329.65,24324.35,24326.05,0
1786689060,24326.5,24326.5,24321.95,24321.95,0
1786689120,24323.1,24325.35,24320.35,24323.75,0
1786689180,24325.25,24325.6,24321.05,24322.95,0
1786689240,24323.45,24323.6,24319.25,24321.7,0
1786689300,24321.9,24327.95,24321.45,24326.75,0
1786689360,24327.85,24335.0,24326.55,24332.6,0
1786689420,24334.25,24340.65,24331.5,24337.95,0
1786689480,24338.35,24338.85,24334.55,24335.7,0
1786689540,24336.25,24337.9,24333.35,24335.35,0
1786689600,24335.75,24339.7,24335.1,24339.7,0
1786689660,24339.7,24343.7,24337.25,24341.5,0
1786689720,24342.65,24345.55,24338.1,24340.65,0
1786689780,24340.75,24342.55,24338.75,24340.3,0
1786689840,24340.8,24342.4,24338.65,24341.45,0
1786689900,24342.0,24344.0,24339.9,24342.8,0
1786689960,24342.9,24343.7,24340.95,24342.75,0
1786690020,24343.15,24344.55,24341.45,24343.1,0
1786690080,24344.2,24346.45,24342.8,24345.6,0
1786690140,24346.15,24349.25,24343.9,24349.0,0
1786690200,24349.3,24349.6,24345.7,24347.25,0
1786690260,24348.05,24349.85,24345.9,24346.7,0
1786690320,24347.1,24350.7,24345.5,24349.35,0
1786690380,24349.25,24351.95,24347.65,24349.15,0
1786690440,24349.45,24354.0,24348.3,24351.65,0
1786690500,24353.75,24354.65,24348.1,24349.4,0
1786690560,24350.15,24350.15,24343.55,24345.45,0
1786690620,24345.75,24348.45,24343.25,24345.85,0
1786690680,24346.55,24350.95,24344.9,24345.8,0
1786690740,24346.75,24349.0,24344.65,24347.3,0
1786690800,24346.8,24347.95,24344.05,24345.55,0
1786690860,24346.3,24347.1,24340.9,24341.9,0
1786690920,24342.4,24344.5,24340.15,24340.45,0
1786690980,24342.0,24345.45,24340.0,24344.6,0
1786691040,24344.85,24346.75,24342.65,24344.5,0
1786691100,24344.1,24346.05,24341.55,24344.75,0
1786691160,24344.85,24346.8,24339.65,24339.65,0
1786691220,24340.55,24343.4,24338.85,24342.8,0
1786691280,24343.65,24345.15,24341.25,24344.7,0
1786691340,24344.7,24346.25,24340.9,24340.9,0
1786691400,24342.0,24346.1,24340.45,24342.65,0
1786691460,24342.45,24344.2,24336.75,24337.75,0
1786691520,24338.7,24338.7,24333.65,24334.3,0
1786691580,24335.75,24339.5,24333.45,24336.8,0
1786691640,24337.0,24338.85,24334.5,24335.85,0
1786691700,24336.65,24340.2,24334.8,24335.65,0
1786691760,24336.45,24341.3,24335.65,24337.7,0
1786691820,24337.6,24341.1,24336.65,24338.9,0
1786691880,24338.2,24347.35,24337.35,24344.35,0
1786691940,24344.1,24347.7,24342.6,24345.3,0
1786692000,24345.45,24349.35,24343.7,24348.6,0
1786692060,24348.25,24351.35,24347.35,24348.65,0
1786692120,24348.85,24352.25,24347.15,24348.6,0
1786692180,24349.15,24352.6,24347.4,24348.45,0
1786692240,24348.45,24353.3,24348.05,24350.7,0
1786692300,24349.9,24351.6,24347.4,24348.15,0
1786692360,24348.6,24351.25,24347.95,24349.0,0
1786692420,24349.5,24352.0,24347.1,24349.35,0
1786692480,24349.6,24350.15,24344.4,24345.65,0
1786692540,24345.65,24349.8,24344.15,24349.55,0
1786692600,24349.4,24352.15,24347.65,24347.85,0
1786692660,24348.2,24349.85,24345.45,24346.65,0
1786692720,24346.6,24349.0,24345.25,24348.0,0
1786692780,24348.55,24348.55,24345.25,24345.75,0
1786692840,24346.75,24347.7,24343.95,24344.9,0
1786692900,24345.15,24347.35,24343.15,24345.15,0
1786692960,24345.2,24346.65,24343.25,24344.0,0
1786693020,24343.75,24345.45,24340.75,24342.0,0
1786693080,24342.25,24343.7,24340.45,24342.55,0
1786693140,24341.7,24344.2,24341.05,24342.0,0
1786693200,24341.8,24346.05,24341.6,24343.8,0
1786693260,24343.95,24344.35,24340.75,24344.3,0
1786693320,24343.65,24345.05,24341.3,24343.3,0
1786693380,24343.5,24347.15,24342.8,24345.65,0
1786693440,24345.15,24348.35,24343.6,24346.85,0
1786693500,24347.0,24348.8,24345.1,24345.8,0
1786693560,24346.2,24347.1,24339.45,24340.95,0
1786693620,24341.15,24345.95,24339.45,24344.0,0
1786693680,24344.95,24347.1,24341.7,24345.7,0
1786693740,24345.75,24346.05,24342.1,24343.75,0
1786693800,24344.2,24345.6,24341.7,24344.2,0
1786693860,24344.0,24348.1,24342.95,24344.8,0
1786693920,24344.8,24346.5,24343.0,24343.9,0
1786693980,24343.1,24345.0,24341.7,24342.9,0
1786694040,24343.2,24346.25,24342.35,24343.75,0
1786694100,24343.5,24344.7,24338.6,24339.1,0
1786694160,24339.3,24340.85,24337.3,24338.6,0
1786694220,24338.5,24340.95,24337.5,24339.2,0
1786694280,24339.0,24342.3,24338.05,24341.95,0
1786694340,24342.0,24344.1,24339.85,24340.55,0
1786694400,24340.2,24341.65,24337.5,24338.95,0
1786694460,24338.55,24341.55,24337.05,24338.2,0
1786694520,24338.35,24339.2,24333.3,24334.3,0
1786694580,24334.55,24335.55,24332.0,24332.85,0
1786694640,24333.8,24334.4,24328.35,24330.05,0
1786694700,24329.75,24331.15,24327.35,24329.0,0
1786694760,24328.9,24331.2,24328.15,24330.5,0
1786694820,24329.95,24335.15,24329.85,24334.0,0
1786694880,24333.4,24340.25,24333.0,24339.65,0
1786694940,24340.1,24349.5,24339.6,24348.3,0
1786695000,24348.7,24352.95,24348.2,24352.4,0
1786695060,24352.2,24353.4,24349.85,24350.7,0
1786695120,24350.35,24353.4,24350.15,24352.05,0
1786695180,24351.8,24357.2,24351.8,24355.85,0
1786695240,24356.15,24358.3,24355.15,24357.35,0
1786695300,24357.4,24384.45,24356.8,24383.55,0
1786695360,24383.4,24391.1,24383.4,24388.75,0
1786695420,24389.2,24389.65,24378.45,24379.5,0
1786695480,24379.75,24381.45,24376.75,24377.6,0
1786695540,24377.45,24385.2,24377.45,24383.7,0
1786695600,24383.7,24388.65,24383.5,24387.65,0
1786695660,24387.65,24389.1,24382.4,24383.05,0
1786695720,24383.9,24384.7,24380.4,24383.55,0
1786695780,24383.7,24387.1,24382.8,24384.85,0
1786695840,24385.05,24389.1,24384.5,24385.6,0
1786695900,24386.4,24388.5,24383.1,24383.1,0
1786695960,24383.45,24385.75,24381.6,24382.8,0
1786696020,24383.7,24390.6,24383.45,24388.2,0
1786696080,24389.15,24395.05,24389.15,24392.6,0
1786696140,24392.05,24397.8,24392.05,24395.0,0
1786696200,24395.0,24399.4,24394.15,24396.3,0
1786696260,24396.8,24401.5,24396.25,24401.05,0
1786696320,24400.85,24405.2,24400.4,24402.05,0
1786696380,24402.75,24405.2,24399.3,24399.4,0
1786696440,24400.35,24400.85,24393.0,24395.55,0
1786696500,24395.9,24398.8,24395.3,24396.3,0
1786696560,24395.7,24396.0,24387.35,24393.35,0
1786696620,24393.75,24394.35,24390.5,24391.35,0
1786696680,24391.9,24392.7,24388.45,24390.85,0
1786696740,24391.35,24393.7,24389.7,24389.95,0
1786696800,24390.5,24392.05,24387.5,24390.45,0
1786696860,24389.7,24390.2,24386.2,24387.4,0
1786696920,24387.05,24389.85,24382.8,24385.85,0
1786696980,24385.6,24388.7,24384.7,24386.85,0
1786697040,24386.75,24387.15,24382.5,24383.55,0
1786697100,24383.2,24386.35,24381.6,24384.45,0
1786697160,24384.4,24389.0,24383.35,24389.0,0
1786697220,24388.15,24389.2,24384.3,24384.75,0
1786697280,24385.4,24385.75,24381.25,24382.8,0
1786697340,24382.75,24383.35,24378.65,24379.95,0
1786697400,24378.7,24381.0,24376.95,24378.6,0
1786697460,24378.6,24380.4,24374.05,24375.25,0
1786697520,24376.4,24377.75,24372.8,24373.55,0
1786697580,24373.95,24377.1,24372.8,24376.2,0
1786697640,24376.3,24378.25,24374.2,24376.9,0
1786697700,24377.3,24379.2,24375.55,24377.05,0
1786697760,24377.9,24378.5,24374.2,24376.4,0
1786697820,24376.7,24377.2,24370.3,24371.45,0
1786697880,24371.4,24374.25,24369.65,24373.0,0
1786697940,24373.65,24374.45,24370.4,24371.6,0
1786698000,24372.6,24373.45,24367.55,24371.3,0
1786698060,24371.75,24374.85,24369.55,24372.85,0
1786698120,24372.45,24375.0,24370.2,24372.6,0
1786698180,24373.8,24373.9,24370.1,24370.85,0
1786698240,24371.1,24372.5,24369.25,24371.6,0
1786698300,24371.95,24372.7,24369.1,24370.5,0
1786698360,24370.6,24373.5,24369.25,24372.95,0
1786698420,24373.3,24373.5,24366.4,24368.0,0
1786698480,24368.0,24372.3,24367.45,24370.55,0
1786698540,24370.75,24371.2,24368.0,24369.35,0
1786698600,24369.35,24373.1,24368.4,24371.85,0
1786698660,24371.55,24373.75,24370.1,24372.1,0
1786698720,24372.2,24373.8,24371.0,24372.9,0
1786698780,24373.0,24373.85,24370.35,24371.05,0
1786698840,24371.85,24372.2,24368.6,24369.45,0
1786698900,24370.0,24374.15,24368.25,24371.45,0
1786698960,24371.1,24373.15,24367.9,24368.85,0
1786699020,24367.3,24369.3,24365.5,24366.25,0
1786699080,24365.05,24367.8,24364.9,24366.65,0
1786699140,24365.75,24368.0,24364.75,24366.8,0
1786699200,24365.65,24371.05,24365.65,24370.35,0
1786699260,24367.85,24379.65,24367.4,24377.5,0
1786699320,24376.0,24380.9,24376.0,24380.55,0
1786699380,24379.55,24382.05,24379.45,24380.65,0
