time,open,high,low,close,volume
1785815100,1312.0,1313.7,1306.8,1307.6,171997
1785815160,1307.6,1308.3,1307.2,1308.3,48060
1785815220,1307.2,1307.3,1306.1,1307.3,77342
1785815280,1307.7,1308.0,1307.5,1307.5,66404
1785815340,1307.2,1307.4,1306.0,1306.6,105872
1785815400,1307.0,1308.6,1306.9,1308.5,35187
1785815460,1308.5,1308.8,1308.4,1308.5,12918
1785815520,1308.4,1308.8,1308.4,1308.8,30888
1785815580,1308.8,1309.2,1308.8,1309.1,10353
1785815640,1308.2,1308.6,1307.9,1308.4,33395
1785815700,1308.2,1308.2,1308.0,1308.0,8818
1785815760,1308.0,1308.9,1308.0,1308.6,11180
1785815820,1308.6,1308.6,1308.0,1308.0,15895
1785815880,1308.0,1308.3,1307.5,1307.5,13672
1785815940,1307.5,1307.5,1307.1,1307.1,13130
1785816000,1307.2,1307.4,1305.2,1305.3,89742
1785816060,1305.8,1306.3,1305.3,1306.0,16872
1785816120,1306.1,1306.1,1305.8,1305.8,15675
1785816180,1305.8,1305.8,1305.1,1305.2,13569
1785816240,1305.1,1305.3,1305.1,1305.2,14722
1785816300,1305.1,1305.4,1305.1,1305.3,23763
1785816360,1305.1,1305.4,1305.0,1305.4,27042
1785816420,1305.2,1305.5,1305.2,1305.3,15054
1785816480,1305.2,1305.4,1305.1,1305.4,9527
1785816540,1305.2,1305.3,1304.0,1304.3,146529
1785816600,1304.3,1305.0,1304.3,1304.6,18157
1785816660,1304.8,1306.1,1304.8,1306.1,41722
1785816720,1305.6,1306.2,1305.6,1306.0,26617
1785816780,1306.0,1306.6,1305.9,1306.6,10555
1785816840,1306.2,1306.9,1306.2,1306.8,11300
1785816900,1306.5,1306.5,1306.4,1306.4,16721
1785816960,1306.5,1306.5,1306.1,1306.2,9508
1785817020,1306.2,1306.8,1306.2,1306.8,9646
1785817080,1306.7,1306.7,1306.5,1306.6,13546
1785817140,1306.6,1306.7,1305.9,1306.7,47721
1785817200,1306.7,1306.8,1306.4,1306.6,5951
1785817260,1306.5,1307.1,1306.5,1306.9,16579
1785817320,1306.9,1307.6,1306.8,1306.9,19297
1785817380,1306.6,1306.6,1306.0,1306.0,25956
1785817440,1306.4,1306.5,1305.9,1305.9,13808
1785817500,1306.0,1306.3,1305.9,1306.2,13223
1785817560,1306.4,1306.4,1306.1,1306.4,4052
1785817620,1306.1,1306.3,1305.4,1305.4,20770
1785817680,1305.4,1305.5,1305.1,1305.2,18469
1785817740,1305.1,1305.7,1305.1,1305.7,9323
1785817800,1305.9,1306.1,1305.5,1306.0,6368
1785817860,1305.6,1305.9,1305.6,1305.6,10684
1785817920,1305.6,1306.0,1305.6,1306.0,6093
1785817980,1306.0,1306.6,1305.6,1305.6,14936
1785818040,1305.6,1306.0,1305.6,1306.0,6103
1785818100,1306.0,1306.2,1306.0,1306.2,3916
1785818160,1306.0,1306.0,1305.6,1305.7,11313
1785818220,1305.7,1305.8,1305.6,1305.6,5694
1785818280,1305.7,1305.8,1305.0,1305.0,45627
1785818340,1305.0,1305.1,1305.0,1305.0,16094
1785818400,1305.1,1305.2,1305.0,1305.0,17066
1785818460,1305.0,1305.3,1304.8,1305.3,20817
1785818520,1305.4,1305.8,1304.8,1305.6,29423
1785818580,1305.6,1305.8,1305.5,1305.7,16132
1785818640,1305.7,1305.9,1305.7,1305.7,21738
1785818700,1305.8,1305.8,1305.6,1305.7,6916
1785818760,1305.7,1305.7,1305.6,1305.7,5848
1785818820,1305.7,1305.8,1305.7,1305.8,12453
1785818880,1305.7,1305.7,1305.5,1305.5,12369
1785818940,1305.5,1305.7,1305.5,1305.6,8320
1785819000,1305.6,1305.6,1304.5,1304.8,61209
1785819060,1304.6,1304.6,1302.4,1302.8,77849
1785819120,1302.9,1303.1,1302.1,1302.2,29330
1785819180,1302.0,1302.6,1301.4,1302.1,60955
1785819240,1302.2,1302.5,1301.6,1302.1,15242
1785819300,1302.2,1302.2,1301.2,1301.7,20015
1785819360,1302.0,1302.0,1301.0,1301.0,43912
1785819420,1301.0,1302.7,1301.0,1302.4,16183
1785819480,1302.6,1303.1,1302.2,1302.4,60217
1785819540,1302.3,1302.5,1302.2,1302.4,6997
1785819600,1302.4,1302.4,1301.4,1301.4,15319
1785819660,1301.4,1301.8,1301.4,1301.4,7363
1785819720,1301.9,1301.9,1301.3,1301.5,18574
1785819780,1301.3,1301.8,1300.3,1301.2,76117
1785819840,1301.2,1301.8,1301.1,1301.6,14616
1785819900,1301.7,1301.7,1301.2,1301.4,6600
1785819960,1301.3,1301.6,1301.3,1301.4,7642
1785820020,1301.5,1301.9,1301.5,1301.7,6874
1785820080,1301.7,1302.2,1301.6,1302.0,14648
1785820140,1301.8,1302.2,1301.8,1302.0,11128
1785820200,1302.0,1302.5,1302.0,1302.0,13517
1785820260,1302.0,1302.2,1302.0,1302.2,9705
1785820320,1302.0,1302.2,1301.8,1301.8,13623
1785820380,1301.8,1302.0,1301.8,1302.0,7691
1785820440,1302.0,1302.0,1301.8,1301.9,3839
1785820500,1301.9,1302.4,1301.9,1302.1,7325
1785820560,1302.4,1302.4,1301.6,1301.6,12551
1785820620,1301.6,1301.6,1301.0,1301.0,16667
1785820680,1301.0,1301.2,1301.0,1301.0,18622
1785820740,1301.0,1301.4,1301.0,1301.3,7901
1785820800,1301.3,1301.3,1301.1,1301.2,6034
1785820860,1301.1,1301.2,1300.5,1300.5,26065
1785820920,1300.6,1301.5,1300.6,1301.0,11825
1785820980,1301.4,1301.4,1301.0,1301.4,9804
1785821040,1301.5,1301.7,1301.2,1301.4,13251
1785821100,1301.3,1301.4,1301.2,1301.4,2771
1785821160,1301.3,1301.5,1301.1,1301.2,11608
1785821220,1301.1,1301.3,1301.0,1301.0,5336
1785821280,1301.0,1301.0,1300.5,1300.9,8879
1785821340,1300.8,1300.9,1300.6,1300.6,9538
1785821400,1300.8,1301.1,1300.8,1300.9,10819
1785821460,1300.9,1301.0,1300.9,1301.0,19201
1785821520,1300.9,1301.0,1300.8,1301.0,6967
1785821580,1300.9,1301.1,1300.9,1301.0,4321
1785821640,1301.0,1301.3,1300.9,1301.0,5396
1785821700,1301.0,1301.2,1301.0,1301.0,8393
1785821760,1301.0,1301.2,1300.2,1300.3,21467
1785821820,1300.3,1300.6,1300.2,1300.6,7316
1785821880,1300.5,1300.7,1300.5,1300.6,6689
1785821940,1300.6,1300.9,1300.1,1300.3,15687
1785822000,1300.3,1300.4,1300.2,1300.3,7788
1785822060,1300.3,1300.6,1300.0,1300.0,19171
1785822120,1300.1,1300.1,1300.0,1300.0,11900
1785822180,1300.2,1300.9,1300.1,1300.2,96863
1785822240,1300.1,1300.6,1300.1,1300.3,11034
1785822300,1300.3,1300.6,1300.2,1300.4,5901
1785822360,1300.4,1300.6,1300.2,1300.3,5211
1785822420,1300.2,1300.3,1300.2,1300.2,5847
1785822480,1300.3,1300.7,1300.0,1300.0,11074
1785822540,1300.0,1300.4,1300.0,1300.4,19981
1785822600,1300.3,1300.3,1298.3,1299.6,101410
1785822660,1299.6,1300.0,1299.4,1299.7,10416
1785822720,1299.9,1300.0,1299.4,1299.8,11583
1785822780,1299.6,1300.0,1299.6,1299.6,8505
1785822840,1299.6,1299.8,1299.4,1299.4,5920
1785822900,1299.4,1299.6,1299.1,1299.1,5648
1785822960,1299.3,1299.4,1299.3,1299.4,33600
1785823020,1300.0,1300.1,1299.4,1299.5,46030
1785823080,1299.7,1300.1,1299.0,1299.0,23426
1785823140,1299.0,1299.1,1298.6,1298.6,10641
1785823200,1298.7,1299.1,1298.7,1299.0,10826
1785823260,1299.0,1299.1,1299.0,1299.1,16213
1785823320,1299.0,1299.1,1299.0,1299.1,6785
1785823380,1299.0,1299.2,1298.8,1298.8,64687
1785823440,1298.8,1299.1,1298.2,1298.5,15878
1785823500,1298.5,1299.5,1298.5,1299.3,83636
1785823560,1299.3,1299.3,1298.8,1298.8,5710
1785823620,1299.0,1299.0,1298.8,1298.9,9129
1785823680,1298.9,1299.0,1298.8,1299.0,6249
1785823740,1299.0,1300.3,1299.0,1299.8,30945
1785823800,1299.8,1299.8,1298.5,1298.7,36630
1785823860,1299.1,1299.1,1298.5,1298.7,15710
1785823920,1299.0,1299.2,1298.7,1299.1,18531
1785823980,1299.1,1299.4,1299.1,1299.1,47402
1785824040,1299.4,1299.4,1298.8,1299.0,6653
1785824100,1299.2,1299.2,1298.8,1298.8,4118
1785824160,1299.0,1299.0,1298.9,1298.9,4582
1785824220,1298.9,1299.2,1298.9,1299.1,20811
1785824280,1299.2,1299.7,1297.6,1297.9,75763
1785824340,1297.9,1298.2,1297.3,1297.7,11142
1785824400,1297.7,1297.8,1297.5,1297.6,5431
1785824460,1297.6,1297.9,1297.6,1297.6,6440
1785824520,1297.8,1297.8,1297.2,1297.5,14641
1785824580,1297.2,1298.0,1297.2,1297.9,6825
1785824640,1297.6,1297.9,1297.1,1297.2,9891
1785824700,1297.2,1297.6,1297.0,1297.0,15647
1785824760,1297.0,1297.3,1297.0,1297.0,34808
1785824820,1297.0,1297.2,1296.0,1296.0,55490
1785824880,1296.6,1296.6,1296.0,1296.2,18980
1785824940,1296.2,1296.3,1295.4,1295.7,35013
1785825000,1295.6,1295.6,1294.4,1295.0,99155
1785825060,1295.6,1295.9,1294.8,1295.5,8348
1785825120,1295.8,1296.6,1295.5,1296.6,11414
1785825180,1296.7,1297.4,1296.4,1297.1,20154
1785825240,1297.1,1297.3,1296.6,1296.9,13505
1785825300,1296.8,1297.0,1296.6,1296.6,7718
1785825360,1296.6,1297.1,1296.3,1296.3,14444
1785825420,1296.5,1296.7,1296.3,1296.5,6691
1785825480,1296.3,1296.6,1296.0,1296.1,19869
1785825540,1296.1,1296.8,1296.0,1296.0,12306
1785825600,1296.0,1296.1,1296.0,1296.1,6722
1785825660,1296.0,1296.2,1295.1,1295.2,39527
1785825720,1295.2,1296.2,1295.2,1295.9,7960
1785825780,1296.1,1296.3,1296.0,1296.2,13366
1785825840,1296.1,1296.2,1296.0,1296.2,4562
1785825900,1296.2,1296.2,1295.5,1295.8,16454
1785825960,1296.1,1296.1,1295.8,1295.8,7526
1785826020,1296.0,1296.0,1295.8,1296.0,5292
1785826080,1295.8,1295.9,1295.5,1295.8,15392
1785826140,1295.8,1296.4,1295.8,1296.4,6977
1785826200,1296.2,1296.4,1295.6,1295.6,10028
1785826260,1295.0,1295.2,1295.0,1295.0,57200
1785826320,1295.0,1295.1,1295.0,1295.1,6385
1785826380,1295.1,1295.5,1295.1,1295.5,14293
1785826440,1295.5,1295.7,1295.2,1295.6,6094
1785826500,1295.7,1296.0,1295.6,1296.0,5877
1785826560,1295.7,1296.0,1295.7,1295.8,3847
1785826620,1295.8,1296.0,1293.1,1293.6,210491
1785826680,1294.0,1294.0,1293.6,1294.0,12319
1785826740,1294.0,1294.0,1293.7,1293.7,7158
1785826800,1294.0,1294.0,1293.7,1293.9,8834
1785826860,1294.0,1294.0,1293.8,1293.8,8180
1785826920,1293.8,1294.0,1292.5,1292.9,74015
1785826980,1292.9,1293.2,1292.8,1292.9,24527
1785827040,1292.9,1293.0,1292.8,1292.9,41257
1785827100,1292.9,1293.0,1292.5,1292.6,24672
1785827160,1292.6,1292.9,1292.2,1292.8,14050
1785827220,1292.8,1293.0,1292.6,1292.6,7255
1785827280,1292.7,1292.9,1292.6,1292.7,7626
1785827340,1292.6,1293.5,1292.1,1293.5,89599
1785827400,1293.5,1293.8,1293.0,1293.0,21101
1785827460,1293.2,1293.5,1293.0,1293.1,32036
1785827520,1293.2,1293.2,1292.6,1293.1,35263
1785827580,1292.8,1293.2,1292.6,1293.0,8658
1785827640,1293.0,1293.4,1293.0,1293.4,8349
1785827700,1293.6,1294.0,1293.6,1293.9,8520
1785827760,1293.9,1294.2,1293.9,1294.2,18516
1785827820,1294.2,1294.4,1294.0,1294.2,8618
1785827880,1294.0,1294.1,1293.1,1293.1,20328
1785827940,1292.5,1293.6,1292.5,1293.6,38011
1785828000,1293.2,1293.9,1293.2,1293.6,8559
1785828060,1293.9,1294.4,1293.7,1294.1,9489
1785828120,1294.5,1294.6,1293.5,1293.6,18569
1785828180,1293.6,1294.0,1293.5,1293.7,7190
1785828240,1293.6,1293.9,1293.3,1293.5,8895
1785828300,1293.3,1293.5,1293.0,1293.5,18341
1785828360,1293.5,1293.5,1292.5,1292.6,39029
1785828420,1292.6,1293.5,1292.6,1293.0,10470
1785828480,1293.0,1293.3,1293.0,1293.1,7499
1785828540,1293.1,1293.1,1292.7,1292.7,26433
1785828600,1292.7,1293.5,1292.7,1293.5,22799
1785828660,1293.3,1293.8,1292.8,1293.4,39193
1785828720,1293.6,1293.6,1293.0,1293.2,13199
1785828780,1293.1,1293.6,1293.1,1293.3,15972
1785828840,1293.3,1293.7,1293.1,1293.2,11383
1785828900,1293.3,1293.3,1292.6,1292.6,18025
1785828960,1292.6,1292.8,1292.5,1292.5,10211
1785829020,1292.5,1292.8,1292.5,1292.7,7968
1785829080,1292.7,1292.9,1292.5,1292.6,9705
1785829140,1292.5,1293.0,1292.1,1292.1,25232
1785829200,1292.7,1293.0,1292.2,1292.7,7311
1785829260,1293.0,1293.7,1292.8,1293.2,7011
1785829320,1293.2,1293.3,1293.0,1293.3,7227
1785829380,1293.0,1293.2,1292.8,1292.9,7179
1785829440,1292.8,1292.8,1292.1,1292.2,13447
1785829500,1292.1,1292.3,1292.0,1292.1,18396
1785829560,1292.1,1292.3,1292.1,1292.2,18465
1785829620,1292.2,1293.2,1292.2,1292.7,17774
1785829680,1292.7,1293.1,1292.6,1293.0,16761
1785829740,1293.0,1293.1,1292.5,1292.5,8250
1785829800,1292.6,1292.8,1292.5,1292.7,6312
1785829860,1292.7,1292.8,1292.1,1292.3,18828
1785829920,1292.2,1293.0,1292.2,1292.7,14147
1785829980,1292.7,1293.4,1292.7,1293.3,19545
1785830040,1293.1,1293.4,1293.1,1293.4,28406
1785830100,1293.4,1293.4,1292.9,1293.0,30860
1785830160,1293.1,1293.1,1292.8,1293.1,24175
1785830220,1293.0,1293.5,1293.0,1293.3,26198
1785830280,1293.2,1293.3,1292.4,1292.4,20644
1785830340,1292.7,1292.7,1292.1,1292.1,19173
1785830400,1292.1,1292.5,1292.1,1292.3,6405
1785830460,1292.3,1292.5,1292.3,1292.4,12534
1785830520,1292.5,1292.5,1292.4,1292.5,8298
1785830580,1292.5,1292.7,1292.2,1292.4,34733
1785830640,1292.5,1292.9,1292.4,1292.8,9043
1785830700,1292.8,1292.8,1292.5,1292.5,6805
1785830760,1292.7,1293.1,1292.6,1293.0,10942
1785830820,1293.1,1293.2,1293.0,1293.0,14640
1785830880,1293.4,1293.5,1293.2,1293.5,8625
1785830940,1293.4,1293.5,1293.0,1293.3,11466
1785831000,1293.4,1293.6,1293.3,1293.5,10198
1785831060,1293.4,1293.5,1293.2,1293.2,10594
1785831120,1293.3,1293.3,1292.9,1293.0,16204
1785831180,1292.8,1293.0,1292.6,1293.0,6759
1785831240,1292.9,1292.9,1292.7,1292.7,5366
1785831300,1292.9,1292.9,1292.7,1292.8,9780
1785831360,1292.9,1292.9,1292.6,1292.6,11138
1785831420,1292.7,1292.7,1292.2,1292.2,12275
1785831480,1292.2,1293.0,1292.2,1293.0,12825
1785831540,1293.3,1293.3,1292.7,1292.8,11777
1785831600,1293.0,1293.5,1293.0,1293.5,11092
1785831660,1293.2,1293.3,1292.7,1292.7,11820
1785831720,1292.7,1293.0,1292.6,1292.7,7822
1785831780,1292.9,1293.0,1292.1,1292.1,13805
1785831840,1292.2,1292.2,1291.2,1291.5,99942
1785831900,1291.4,1291.9,1291.3,1291.8,60565
1785831960,1292.0,1292.0,1291.4,1291.9,63262
1785832020,1291.6,1291.6,1290.4,1290.6,107171
1785832080,1290.6,1291.6,1290.5,1291.4,64386
1785832140,1291.6,1292.0,1291.3,1291.6,6989
1785832200,1292.0,1292.0,1291.0,1291.3,15110
1785832260,1291.7,1291.9,1291.2,1291.9,6572
1785832320,1291.9,1291.9,1291.5,1291.8,8711
1785832380,1291.8,1291.8,1291.1,1291.4,13918
1785832440,1291.1,1291.8,1291.1,1291.8,8682
1785832500,1291.9,1292.1,1291.2,1292.1,148264
1785832560,1292.1,1292.3,1292.0,1292.3,11047
1785832620,1292.2,1292.5,1292.2,1292.5,8443
1785832680,1292.6,1293.0,1291.6,1291.8,28835
1785832740,1291.6,1291.9,1291.6,1291.8,13515
1785832800,1292.0,1292.7,1291.8,1292.7,16202
1785832860,1292.3,1293.8,1292.2,1293.8,20524
1785832920,1293.8,1294.0,1293.1,1293.3,13104
1785832980,1293.8,1294.8,1293.3,1294.8,39286
1785833040,1294.8,1294.9,1294.0,1294.6,126082
1785833100,1294.7,1294.8,1294.5,1294.8,22851
1785833160,1294.8,1295.0,1294.5,1294.7,18526
1785833220,1294.7,1294.8,1294.0,1294.6,112979
1785833280,1294.6,1294.8,1293.9,1294.7,133512
1785833340,1294.7,1295.7,1294.7,1295.6,105647
1785833400,1295.6,1295.9,1295.6,1295.8,75165
1785833460,1295.8,1296.4,1295.3,1295.5,81197
1785833520,1295.3,1295.6,1295.3,1295.3,11074
1785833580,1295.6,1295.8,1294.5,1294.5,29707
1785833640,1294.5,1295.4,1294.5,1295.4,19025
1785833700,1295.4,1295.6,1295.2,1295.6,14001
1785833760,1295.5,1295.9,1295.5,1295.7,9680
1785833820,1295.7,1296.0,1295.5,1295.5,18503
1785833880,1295.3,1295.5,1294.6,1294.6,30025
1785833940,1294.8,1295.7,1294.1,1295.1,97709
1785834000,1295.6,1296.5,1294.7,1295.9,150261
1785834060,1296.0,1297.1,1295.7,1295.7,241729
1785834120,1295.9,1296.5,1295.0,1295.0,38565
1785834180,1295.0,1295.1,1292.9,1292.9,159630
1785834240,1293.3,1293.6,1291.6,1293.3,331330
1785834300,1293.3,1293.8,1293.0,1293.8,16706
1785834360,1293.8,1293.8,1293.0,1293.1,18868
1785834420,1293.3,1294.1,1293.1,1294.0,38182
1785834480,1294.0,1294.5,1294.0,1294.3,23191
1785834540,1294.3,1294.5,1293.7,1293.7,16399
1785834600,1293.8,1294.1,1293.7,1294.1,13058
1785834660,1294.0,1294.1,1293.4,1293.4,30065
1785834720,1293.7,1293.8,1293.6,1293.7,12901
1785834780,1293.7,1293.8,1293.6,1293.6,11759
1785834840,1293.6,1293.9,1292.5,1292.5,47060
1785834900,1293.3,1294.3,1292.6,1293.6,71470
1785834960,1294.2,1294.2,1293.5,1293.5,33990
1785835020,1293.6,1293.6,1293.1,1293.1,13140
1785835080,1293.4,1293.4,1293.0,1293.0,20059
1785835140,1293.0,1293.3,1292.8,1293.0,9706
1785835200,1293.3,1293.9,1292.2,1292.6,152007
1785835260,1292.6,1292.9,1292.5,1292.7,15479
1785835320,1292.7,1292.9,1292.7,1292.8,8866
1785835380,1292.8,1293.0,1292.5,1292.5,13531
1785835440,1292.8,1292.8,1292.5,1292.7,12706
1785835500,1292.7,1292.7,1292.1,1292.1,28160
1785835560,1292.5,1292.5,1291.5,1292.3,72575
1785835620,1292.3,1292.5,1291.5,1292.0,72613
1785835680,1291.9,1292.1,1291.0,1291.1,66480
1785835740,1291.4,1292.1,1291.0,1291.1,50713
1785835800,1291.9,1291.9,1291.0,1291.0,56220
1785835860,1291.5,1291.6,1290.3,1290.9,75046
1785835920,1291.0,1291.0,1290.2,1290.9,52735
1785835980,1290.6,1290.9,1290.1,1290.1,55427
1785836040,1290.4,1290.5,1290.0,1290.1,69269
1785836100,1290.0,1290.5,1290.0,1290.5,100165
1785836160,1290.7,1292.0,1290.5,1291.7,81834
1785836220,1291.7,1291.9,1290.7,1290.7,67611
1785836280,1290.7,1291.3,1290.0,1290.0,41508
1785836340,1290.0,1290.5,1289.5,1290.5,85466
1785836400,1290.4,1290.5,1288.0,1288.3,285839
1785836460,1289.0,1290.2,1289.0,1289.9,71153
1785836520,1289.8,1290.1,1289.0,1289.7,66408
1785836580,1289.8,1290.0,1289.1,1290.0,66841
1785836640,1290.1,1290.9,1286.4,1290.6,202314
1785836700,1290.6,1290.6,1290.1,1290.1,200
1785901500,1297.9,1299.0,1292.5,1294.1,268060
1785901560,1294.4,1295.9,1294.2,1294.9,159162
1785901620,1294.7,1296.0,1294.7,1295.1,127986
1785901680,1295.1,1295.6,1294.4,1294.6,111498
1785901740,1294.5,1295.0,1294.1,1294.3,51865
1785901800,1294.4,1294.5,1294.1,1294.1,53365
1785901860,1294.7,1295.5,1294.6,1295.5,25481
1785901920,1295.1,1296.3,1295.1,1296.2,41133
1785901980,1296.2,1296.3,1295.7,1296.2,81135
1785902040,1296.4,1296.8,1296.3,1296.5,36185
1785902100,1296.4,1296.6,1295.3,1295.3,41024
1785902160,1295.6,1295.7,1295.3,1295.3,21120
1785902220,1295.4,1295.5,1295.2,1295.5,20471
1785902280,1295.3,1295.8,1295.3,1295.8,24868
1785902340,1295.5,1295.8,1295.5,1295.7,12193
1785902400,1295.6,1295.6,1294.4,1294.4,49587
1785902460,1294.3,1294.4,1294.2,1294.4,9670
1785902520,1294.7,1295.3,1294.7,1295.3,31452
1785902580,1295.3,1295.3,1295.0,1295.0,11552
1785902640,1295.0,1295.0,1294.5,1294.5,15550
1785902700,1294.7,1294.7,1294.3,1294.6,11587
1785902760,1294.4,1294.5,1294.3,1294.3,8125
1785902820,1294.4,1294.9,1294.4,1294.8,22990
1785902880,1294.7,1294.9,1294.7,1294.8,12595
1785902940,1294.9,1295.0,1294.7,1295.0,10316
1785903000,1294.9,1295.6,1294.9,1295.6,19392
1785903060,1295.5,1296.0,1295.5,1295.8,11811
1785903120,1296.0,1296.0,1294.0,1294.1,57577
1785903180,1294.0,1294.1,1293.2,1293.3,24133
1785903240,1293.3,1293.9,1293.2,1293.6,15377
1785903300,1293.7,1294.0,1293.6,1294.0,8074
1785903360,1293.7,1294.0,1293.0,1293.0,47630
1785903420,1293.1,1293.1,1293.0,1293.0,18145
1785903480,1293.1,1293.2,1293.0,1293.0,8362
1785903540,1293.0,1293.0,1292.8,1292.9,19799
1785903600,1292.9,1293.0,1292.6,1292.7,17011
1785903660,1292.6,1293.0,1292.6,1292.7,9966
1785903720,1292.6,1292.7,1292.0,1292.1,35622
1785903780,1292.1,1292.1,1291.9,1292.1,16159
1785903840,1292.0,1292.1,1291.2,1291.2,19703
1785903900,1291.5,1291.5,1290.6,1290.8,52508
1785903960,1290.7,1291.0,1290.6,1290.7,18990
1785904020,1290.7,1291.0,1290.6,1290.8,8861
1785904080,1290.7,1290.8,1290.7,1290.7,10643
1785904140,1290.9,1291.0,1290.7,1290.7,24649
1785904200,1290.8,1292.0,1290.7,1291.8,28189
1785904260,1291.8,1292.5,1291.7,1292.3,16505
1785904320,1291.7,1291.8,1291.0,1291.3,18961
1785904380,1291.4,1292.4,1291.4,1291.9,32476
1785904440,1291.9,1292.0,1291.7,1291.7,8737
1785904500,1291.8,1291.8,1291.6,1291.7,12078
1785904560,1291.7,1291.7,1291.0,1291.2,17853
1785904620,1291.1,1291.4,1291.0,1291.0,16967
1785904680,1290.9,1291.5,1290.8,1291.1,15492
1785904740,1291.1,1291.4,1291.1,1291.3,11553
1785904800,1291.3,1291.3,1291.1,1291.1,4279
1785904860,1291.2,1291.6,1291.1,1291.6,12678
1785904920,1291.6,1291.8,1291.5,1291.8,6487
1785904980,1291.8,1291.9,1291.7,1291.8,11673
1785905040,1292.0,1292.1,1292.0,1292.0,10512
1785905100,1292.1,1292.1,1291.5,1291.6,22428
1785905160,1291.6,1291.6,1291.5,1291.6,7861
1785905220,1291.5,1291.6,1291.0,1291.1,21328
1785905280,1291.1,1291.4,1291.0,1291.4,10153
1785905340,1291.4,1291.4,1291.2,1291.2,6830
1785905400,1291.3,1291.3,1291.2,1291.2,20441
1785905460,1291.2,1291.3,1291.1,1291.1,10305
1785905520,1291.0,1291.1,1291.0,1291.1,8554
1785905580,1291.1,1292.4,1291.1,1292.4,32905
1785905640,1292.4,1293.6,1292.4,1293.5,41959
1785905700,1293.3,1293.6,1293.3,1293.4,13155
1785905760,1293.4,1293.5,1292.8,1292.8,19173
1785905820,1293.0,1293.2,1292.4,1292.5,27551
1785905880,1292.4,1292.5,1292.4,1292.4,13236
1785905940,1292.3,1292.5,1292.1,1292.5,7870
1785906000,1292.4,1292.5,1291.8,1291.9,31526
1785906060,1291.8,1291.8,1289.8,1290.3,139503
1785906120,1290.2,1290.5,1289.6,1290.2,40053
1785906180,1290.2,1290.3,1289.9,1290.3,15514
1785906240,1290.3,1291.0,1290.2,1290.9,14633
1785906300,1290.9,1291.0,1290.8,1291.0,13178
1785906360,1291.0,1291.1,1290.9,1291.0,7023
1785906420,1291.0,1291.0,1290.9,1290.9,10006
1785906480,1290.9,1291.0,1290.9,1290.9,11689
1785906540,1291.0,1291.1,1290.9,1291.1,10626
1785906600,1291.0,1291.2,1291.0,1291.1,8198
1785906660,1291.2,1291.5,1291.1,1291.4,15619
1785906720,1291.4,1291.6,1291.3,1291.6,15918
1785906780,1291.6,1292.2,1291.5,1292.1,16816
1785906840,1292.0,1292.1,1292.0,1292.1,7056
1785906900,1292.0,1292.2,1292.0,1292.1,28784
1785906960,1292.1,1292.2,1292.0,1292.2,13992
1785907020,1292.2,1292.4,1292.2,1292.3,7365
1785907080,1292.4,1292.4,1291.1,1291.1,40259
1785907140,1291.0,1291.1,1290.7,1290.8,7422
1785907200,1290.7,1290.9,1290.7,1290.9,9500
1785907260,1290.8,1291.2,1290.8,1291.2,7590
1785907320,1291.1,1291.2,1290.9,1290.9,10476
1785907380,1291.0,1291.0,1290.7,1291.0,20956
1785907440,1290.8,1291.1,1290.8,1291.0,8427
1785907500,1291.0,1291.4,1291.0,1291.4,15163
1785907560,1291.3,1291.4,1291.3,1291.3,46508
1785907620,1291.9,1292.0,1291.6,1292.0,74326
1785907680,1292.0,1293.5,1291.9,1293.1,54334
1785907740,1293.0,1293.3,1293.0,1293.1,18650
1785907800,1293.3,1294.1,1293.1,1294.1,27587
1785907860,1293.8,1294.1,1292.0,1292.1,46677
1785907920,1292.1,1292.1,1291.6,1291.6,21763
1785907980,1291.7,1292.0,1291.6,1291.8,14292
1785908040,1291.8,1292.0,1291.7,1291.9,15304
1785908100,1292.0,1292.9,1291.9,1292.9,12391
1785908160,1292.9,1293.0,1292.8,1292.8,52838
1785908220,1293.1,1293.5,1292.5,1292.5,62780
1785908280,1292.5,1292.9,1291.0,1291.0,25497
1785908340,1291.0,1291.0,1290.7,1290.8,21175
1785908400,1290.8,1290.9,1290.3,1290.5,29153
1785908460,1290.5,1291.1,1290.4,1291.0,32958
1785908520,1291.1,1291.1,1291.0,1291.0,12542
1785908580,1291.0,1291.1,1291.0,1291.1,10786
1785908640,1291.0,1291.5,1291.0,1291.2,35269
1785908700,1291.3,1291.4,1291.2,1291.4,6607
1785908760,1291.3,1291.5,1291.3,1291.4,10350
1785908820,1291.4,1291.6,1291.1,1291.2,32546
1785908880,1291.1,1291.3,1291.1,1291.1,7313
1785908940,1291.1,1291.5,1290.6,1290.6,10435
1785909000,1290.5,1290.9,1290.5,1290.9,6043
1785909060,1290.8,1291.3,1290.8,1291.0,82191
1785909120,1291.1,1291.3,1291.0,1291.2,6881
1785909180,1291.2,1291.6,1291.0,1291.1,47696
1785909240,1291.2,1291.5,1291.0,1291.1,6706
1785909300,1291.1,1291.1,1289.2,1290.7,2712767
1785909360,1290.7,1290.9,1290.0,1290.0,10046
1785909420,1290.0,1290.2,1290.0,1290.1,6913
1785909480,1290.1,1290.1,1289.7,1289.8,10488
1785909540,1289.8,1290.1,1289.7,1289.9,7544
1785909600,1290.0,1290.2,1289.6,1289.8,8861
1785909660,1289.6,1289.6,1289.0,1289.4,25781
1785909720,1289.3,1289.8,1288.8,1289.7,100432
1785909780,1289.7,1289.8,1289.6,1289.7,10354
1785909840,1289.7,1289.7,1288.3,1288.7,70121
1785909900,1288.5,1288.6,1288.0,1288.2,23134
1785909960,1288.3,1288.4,1288.2,1288.4,10148
1785910020,1288.4,1288.9,1288.2,1288.7,37628
1785910080,1288.7,1288.8,1288.4,1288.5,38294
1785910140,1288.4,1288.6,1288.3,1288.3,8297
1785910200,1288.3,1288.5,1288.3,1288.3,6447
1785910260,1288.3,1288.4,1288.0,1288.3,11009
1785910320,1288.3,1288.3,1288.1,1288.1,7135
1785910380,1288.0,1288.2,1288.0,1288.1,8513
1785910440,1288.1,1288.3,1288.0,1288.2,8625
1785910500,1288.3,1288.5,1288.2,1288.5,11825
1785910560,1288.5,1288.5,1288.3,1288.4,5756
1785910620,1288.3,1288.5,1288.3,1288.3,8291
1785910680,1288.3,1288.4,1288.1,1288.1,21887
1785910740,1288.2,1288.2,1288.0,1288.1,8943
1785910800,1288.0,1288.1,1287.8,1287.8,20568
1785910860,1287.8,1287.9,1287.8,1287.8,6962
1785910920,1287.9,1287.9,1287.8,1287.9,7463
1785910980,1287.8,1287.9,1287.4,1287.8,26846
1785911040,1287.7,1288.0,1287.6,1287.7,14735
1785911100,1287.5,1287.8,1287.2,1287.6,14632
1785911160,1287.6,1287.6,1286.6,1286.7,33454
1785911220,1286.8,1286.8,1286.4,1286.6,10746
1785911280,1286.6,1286.6,1286.3,1286.5,12348
1785911340,1286.5,1286.5,1286.0,1286.2,31731
1785911400,1286.4,1286.4,1286.3,1286.4,7428
1785911460,1286.3,1286.4,1286.1,1286.2,10313
1785911520,1286.1,1286.7,1286.1,1286.5,19045
1785911580,1286.4,1286.6,1286.3,1286.3,8716
1785911640,1286.3,1286.4,1286.1,1286.2,13731
1785911700,1286.1,1286.9,1286.1,1286.4,19036
1785911760,1286.3,1286.5,1286.2,1286.3,7124
1785911820,1286.2,1286.4,1286.2,1286.3,3543
1785911880,1286.4,1286.6,1286.3,1286.5,12376
1785911940,1286.6,1286.6,1286.5,1286.6,8253
1785912000,1286.6,1286.6,1286.5,1286.6,8072
1785912060,1286.5,1286.7,1286.5,1286.6,9722
1785912120,1286.5,1286.6,1286.5,1286.5,11060
1785912180,1286.6,1286.7,1286.5,1286.6,6523
1785912240,1287.0,1287.2,1286.9,1287.0,16332
1785912300,1287.1,1287.7,1287.0,1287.5,27652
1785912360,1287.6,1287.7,1287.5,1287.7,9574
1785912420,1287.7,1287.8,1287.5,1287.8,9889
1785912480,1287.8,1287.8,1287.5,1287.5,8655
1785912540,1287.5,1287.6,1287.3,1287.3,11073
1785912600,1287.3,1287.4,1287.1,1287.3,9169
1785912660,1287.4,1287.9,1286.7,1287.5,76232
1785912720,1287.3,1287.9,1286.2,1286.2,40642
1785912780,1286.1,1286.1,1285.4,1285.8,89319
1785912840,1286.0,1287.1,1285.8,1286.3,63422
1785912900,1286.5,1286.9,1286.3,1286.6,22185
1785912960,1286.6,1286.9,1286.1,1286.1,10567
1785913020,1286.2,1286.3,1285.7,1285.7,31232
1785913080,1285.7,1286.3,1285.7,1286.3,9842
1785913140,1286.3,1286.4,1286.2,1286.2,8224
1785913200,1286.3,1286.3,1286.0,1286.0,6365
1785913260,1286.1,1286.1,1286.0,1286.0,11611
1785913320,1286.1,1286.1,1285.7,1285.9,11704
1785913380,1285.9,1286.0,1285.7,1285.9,10736
1785913440,1285.9,1285.9,1285.6,1285.8,6752
1785913500,1285.7,1285.8,1285.0,1285.2,104676
1785913560,1285.1,1285.4,1285.0,1285.1,18525
1785913620,1285.0,1285.2,1284.6,1284.7,1030130
1785913680,1284.9,1285.1,1284.1,1284.6,156301
1785913740,1284.6,1285.3,1284.6,1285.3,40104
1785913800,1285.2,1285.4,1285.0,1285.3,18500
1785913860,1285.4,1285.7,1285.4,1285.6,10602
1785913920,1285.5,1285.5,1285.2,1285.3,6538
1785913980,1285.2,1286.2,1285.0,1285.8,266546
1785914040,1286.0,1286.1,1286.0,1286.0,96611
1785914100,1286.1,1286.3,1286.0,1286.2,9441
1785914160,1286.2,1286.3,1284.5,1284.5,319540
1785914220,1284.5,1284.6,1284.3,1284.6,74362
1785914280,1284.6,1284.7,1284.3,1284.3,10118
1785914340,1284.3,1284.3,1283.7,1284.0,29710
1785914400,1284.1,1284.3,1283.7,1283.7,10774
1785914460,1283.8,1284.1,1283.6,1283.9,13321
1785914520,1284.0,1284.0,1283.8,1283.9,9433
1785914580,1283.8,1284.1,1283.8,1283.9,6228
1785914640,1284.0,1284.0,1283.7,1283.9,10007
1785914700,1283.7,1283.9,1283.1,1283.9,42506
1785914760,1283.9,1283.9,1283.5,1283.6,8237
1785914820,1283.7,1283.8,1283.5,1283.7,17238
1785914880,1283.6,1284.0,1283.5,1284.0,9652
1785914940,1284.0,1284.0,1283.8,1283.9,12119
1785915000,1284.0,1284.4,1283.9,1284.1,15159
1785915060,1284.0,1284.1,1283.8,1283.9,8866
1785915120,1284.0,1284.2,1284.0,1284.1,5261
1785915180,1284.0,1284.9,1284.0,1284.9,32628
1785915240,1285.2,1285.7,1284.7,1285.4,119421
1785915300,1285.5,1285.6,1283.1,1283.1,113674
1785915360,1283.1,1284.4,1283.0,1284.4,46284
1785915420,1283.9,1284.4,1283.9,1284.4,8248
1785915480,1284.3,1284.7,1284.0,1284.5,110208
1785915540,1284.5,1285.0,1284.3,1284.9,51008
1785915600,1284.9,1285.3,1284.9,1285.2,13063
1785915660,1285.1,1285.2,1284.9,1285.0,11028
1785915720,1285.0,1285.1,1284.6,1284.6,10583
1785915780,1284.4,1284.4,1283.7,1283.7,37206
1785915840,1283.6,1285.5,1283.6,1285.5,176078
1785915900,1284.8,1286.5,1284.8,1286.5,267534
1785915960,1286.6,1286.6,1284.8,1285.6,62863
1785916020,1285.8,1285.9,1284.8,1284.8,63548
1785916080,1284.8,1285.1,1284.8,1285.0,5483
1785916140,1285.1,1285.4,1285.0,1285.3,9274
1785916200,1285.4,1285.5,1285.3,1285.5,17606
1785916260,1285.5,1285.5,1284.7,1285.4,38894
1785916320,1285.3,1286.3,1285.2,1286.1,66269
1785916380,1286.7,1287.5,1284.0,1284.1,165698
1785916440,1284.0,1284.1,1281.4,1281.7,315814
1785916500,1282.1,1282.4,1281.0,1281.4,209179
1785916560,1281.8,1282.8,1280.6,1280.6,1838836
1785916620,1281.5,1282.3,1281.5,1282.0,197719
1785916680,1281.9,1282.4,1281.7,1281.8,30960
1785916740,1281.8,1282.2,1281.6,1282.1,17025
1785916800,1282.1,1282.3,1281.8,1282.1,20558
1785916860,1282.1,1282.2,1280.6,1280.9,33901
1785916920,1280.8,1281.0,1280.5,1280.7,22940
1785916980,1280.8,1281.0,1280.5,1280.8,85890
1785917040,1280.9,1281.1,1279.7,1279.7,210305
1785917100,1280.0,1280.7,1279.7,1280.6,62404
1785917160,1280.6,1280.8,1280.5,1280.5,16553
1785917220,1280.6,1280.6,1280.5,1280.5,14046
1785917280,1280.6,1280.6,1280.2,1280.5,12468
1785917340,1280.4,1280.4,1280.2,1280.3,11818
1785917400,1280.4,1280.5,1280.0,1280.3,35611
1785917460,1280.3,1280.5,1280.3,1280.5,18722
1785917520,1280.4,1280.5,1279.8,1279.9,63185
1785917580,1279.7,1279.9,1279.5,1279.6,49338
1785917640,1279.5,1279.9,1279.1,1279.6,33262
1785917700,1279.6,1279.9,1279.4,1279.6,50971
1785917760,1279.8,1280.0,1279.3,1279.9,64178
1785917820,1280.0,1280.5,1279.9,1280.5,69682
1785917880,1280.5,1280.5,1280.1,1280.4,21186
1785917940,1280.4,1281.0,1280.3,1280.7,84251
1785918000,1280.6,1281.4,1279.8,1280.4,167258
1785918060,1280.1,1280.9,1279.3,1280.0,269561
1785918120,1279.4,1280.6,1278.7,1280.0,278594
1785918180,1280.2,1280.2,1279.1,1279.5,56105
1785918240,1279.6,1279.8,1279.5,1279.7,15402
1785918300,1279.6,1279.7,1279.1,1279.4,21959
1785918360,1279.4,1279.8,1279.1,1279.8,19289
1785918420,1279.8,1279.9,1278.0,1279.6,190662
1785918480,1279.5,1279.6,1278.1,1278.4,77945
1785918540,1278.5,1278.5,1277.9,1277.9,28884
1785918600,1277.7,1278.6,1277.1,1277.9,150111
1785918660,1278.0,1278.2,1277.9,1278.1,24429
1785918720,1278.0,1278.3,1277.8,1277.9,32939
1785918780,1277.9,1278.7,1277.8,1278.3,46713
1785918840,1278.3,1278.5,1278.1,1278.3,6861
1785918900,1278.3,1278.5,1277.8,1278.3,79102
1785918960,1278.3,1278.4,1278.1,1278.3,12032
1785919020,1278.3,1278.4,1278.1,1278.2,22394
1785919080,1278.1,1278.2,1277.0,1277.2,43872
1785919140,1277.3,1277.6,1276.8,1277.0,1181172
1785919200,1277.0,1277.4,1276.8,1277.4,21731
1785919260,1277.3,1277.5,1276.7,1277.1,39538
1785919320,1277.1,1277.2,1276.9,1277.0,18174
1785919380,1277.0,1277.2,1276.9,1277.0,29679
1785919440,1277.0,1277.1,1276.7,1276.8,25122
1785919500,1276.8,1277.2,1276.8,1277.2,19423
1785919560,1277.2,1277.2,1277.0,1277.2,17431
1785919620,1277.1,1277.2,1276.6,1276.7,47724
1785919680,1276.7,1276.9,1276.7,1276.7,20239
1785919740,1276.7,1277.4,1276.5,1276.7,74575
1785919800,1276.8,1277.1,1276.7,1277.1,48309
1785919860,1277.1,1277.1,1274.2,1275.9,1103713
1785919920,1275.9,1276.1,1275.6,1275.7,115799
1785919980,1275.6,1275.8,1275.5,1275.6,34690
1785920040,1275.8,1275.8,1274.8,1274.8,95778
1785920100,1274.9,1275.0,1274.5,1274.5,78232
1785920160,1274.5,1275.4,1274.5,1275.3,84635
1785920220,1275.3,1275.7,1275.3,1275.7,43053
1785920280,1275.7,1275.8,1275.0,1275.1,86881
1785920340,1275.1,1275.2,1275.0,1275.1,46848
1785920400,1275.1,1275.3,1275.0,1275.1,46170
1785920460,1275.0,1275.2,1274.9,1275.0,89550
1785920520,1274.9,1275.0,1274.6,1274.7,48960
1785920580,1274.9,1275.0,1274.7,1274.8,25670
1785920640,1274.8,1275.0,1274.7,1274.8,49610
1785920700,1274.9,1275.0,1274.4,1274.5,70957
1785920760,1274.5,1275.0,1274.4,1275.0,64882
1785920820,1275.0,1275.1,1274.8,1275.0,37562
1785920880,1275.0,1275.3,1275.0,1275.2,32487
1785920940,1275.2,1275.3,1275.0,1275.1,71440
1785921000,1275.1,1275.2,1274.7,1274.7,47337
1785921060,1274.7,1274.8,1274.7,1274.7,25363
1785921120,1274.8,1275.0,1274.7,1275.0,25993
1785921180,1274.9,1275.0,1273.2,1273.6,589396
1785921240,1273.5,1273.6,1273.3,1273.5,64408
1785921300,1273.4,1273.9,1273.4,1273.9,80993
1785921360,1273.9,1274.9,1273.8,1274.9,86905
1785921420,1274.7,1274.7,1273.9,1274.7,66484
1785921480,1274.6,1275.3,1274.6,1275.3,50754
1785921540,1275.3,1275.7,1275.0,1275.2,58611
1785921600,1275.2,1275.3,1272.9,1274.0,793334
1785921660,1273.9,1274.2,1273.6,1274.0,62819
1785921720,1274.0,1274.4,1274.0,1274.2,42299
1785921780,1274.3,1274.3,1272.2,1272.6,140510
1785921840,1272.6,1272.8,1272.6,1272.8,26811
1785921900,1272.8,1272.9,1272.1,1272.2,44767
1785921960,1272.2,1272.5,1271.2,1272.4,218051
1785922020,1272.2,1272.6,1272.2,1272.4,50166
1785922080,1272.3,1272.7,1272.2,1272.7,96152
1785922140,1272.7,1272.7,1272.5,1272.6,48549
1785922200,1272.5,1272.6,1272.3,1272.4,49194
1785922260,1272.4,1272.8,1272.2,1272.7,65513
1785922320,1272.9,1275.5,1272.6,1275.5,168227
1785922380,1275.5,1275.9,1273.7,1274.9,1157029
1785922440,1274.8,1275.8,1274.8,1275.6,106007
1785922500,1275.5,1275.6,1273.0,1274.7,688490
1785922560,1274.7,1275.5,1272.9,1273.0,769576
1785922620,1273.0,1275.6,1273.0,1275.2,210075
1785922680,1275.2,1275.5,1273.0,1274.3,812924
1785922740,1274.3,1274.4,1272.8,1272.9,265881
1785922800,1273.0,1273.2,1272.0,1272.0,294434
1785922860,1272.3,1273.9,1272.2,1273.6,277864
1785922920,1273.6,1273.9,1273.1,1273.7,276249
1785922980,1273.7,1274.4,1270.1,1274.3,889455
1785923040,1274.5,1280.0,1274.5,1280.0,232542
1785923100,1280.0,1280.0,1280.0,1280.0,141
1785987900,1283.9,1289.1,1281.2,1288.2,543621
1785987960,1288.2,1291.4,1288.2,1291.0,294128
1785988020,1291.1,1294.7,1291.0,1292.0,224206
1785988080,1292.0,1294.1,1292.0,1293.9,126541
1785988140,1293.9,1296.7,1293.1,1296.0,188854
1785988200,1296.1,1298.7,1296.1,1298.0,212480
1785988260,1298.0,1299.0,1297.0,1298.4,114254
1785988320,1298.4,1300.9,1297.8,1299.3,263069
1785988380,1299.1,1301.1,1298.2,1299.6,146934
1785988440,1299.8,1300.2,1297.8,1298.1,72153
1785988500,1297.7,1297.7,1296.5,1297.4,93546
1785988560,1297.1,1297.1,1295.6,1296.2,82448
1785988620,1296.2,1297.0,1295.3,1296.9,92341
1785988680,1296.7,1297.0,1295.0,1295.3,29299
1785988740,1295.2,1298.0,1295.1,1297.7,83692
1785988800,1297.8,1299.0,1297.5,1298.1,45081
1785988860,1297.9,1298.7,1297.6,1298.3,22234
1785988920,1298.5,1298.9,1298.0,1298.2,42066
1785988980,1298.2,1299.0,1297.5,1298.8,45621
1785989040,1298.8,1300.6,1298.5,1300.4,125375
1785989100,1299.9,1300.8,1299.4,1300.4,57641
1785989160,1300.9,1300.9,1299.7,1300.0,48818
1785989220,1300.2,1300.7,1299.2,1299.2,66661
1785989280,1299.2,1299.8,1299.2,1299.3,20186
1785989340,1299.4,1299.8,1299.0,1299.0,21031
1785989400,1299.5,1300.6,1299.0,1300.1,59661
1785989460,1300.1,1300.3,1299.4,1299.7,31776
1785989520,1299.8,1300.2,1299.6,1300.0,25839
1785989580,1300.0,1300.0,1299.5,1300.0,34606
1785989640,1299.9,1301.4,1299.9,1300.9,79316
1785989700,1300.9,1301.7,1300.2,1301.6,73581
1785989760,1301.4,1301.8,1299.5,1301.5,49974
1785989820,1301.3,1302.9,1301.0,1302.7,148174
1785989880,1303.0,1304.4,1302.8,1303.8,187296
1785989940,1303.8,1303.8,1303.1,1303.5,30796
1785990000,1303.6,1303.7,1303.0,1303.3,28014
1785990060,1303.3,1304.9,1303.3,1303.7,87616
1785990120,1303.7,1304.0,1303.5,1303.9,33898
1785990180,1303.5,1304.3,1303.5,1304.1,24685
1785990240,1304.1,1304.4,1303.5,1304.0,43875
1785990300,1304.0,1304.4,1303.5,1303.9,27482
1785990360,1303.9,1304.0,1303.5,1303.5,22855
1785990420,1303.8,1303.9,1303.5,1303.6,15902
1785990480,1303.6,1305.0,1303.5,1304.7,93249
1785990540,1304.7,1304.7,1303.7,1303.7,27069
1785990600,1303.8,1303.8,1302.7,1302.9,69429
1785990660,1303.0,1303.7,1302.1,1303.4,48565
1785990720,1303.5,1303.6,1302.4,1302.7,41125
1785990780,1302.7,1303.0,1302.2,1302.9,24023
1785990840,1302.9,1303.5,1302.1,1302.2,72540
1785990900,1302.0,1302.1,1300.9,1301.2,76342
1785990960,1301.2,1301.9,1301.0,1301.0,20186
1785991020,1301.0,1302.0,1301.0,1302.0,17948
1785991080,1301.7,1302.0,1301.1,1301.5,10893
1785991140,1301.3,1301.8,1301.2,1301.8,17999
1785991200,1301.7,1301.9,1301.3,1301.7,12909
1785991260,1301.7,1301.8,1301.3,1301.4,18508
1785991320,1301.5,1301.6,1301.2,1301.6,16768
1785991380,1301.5,1301.6,1300.3,1300.3,36391
1785991440,1300.7,1300.9,1300.3,1300.8,11985
1785991500,1300.7,1300.9,1300.2,1300.5,20771
1785991560,1300.4,1300.5,1300.2,1300.3,13295
1785991620,1300.3,1300.3,1298.2,1298.9,82178
1785991680,1298.7,1299.0,1298.2,1299.0,38464
1785991740,1298.9,1299.9,1298.6,1299.2,29428
1785991800,1299.7,1299.7,1299.1,1299.5,7183
1785991860,1299.6,1299.6,1299.0,1299.1,16286
1785991920,1299.1,1299.5,1299.1,1299.4,4977
1785991980,1299.4,1300.1,1299.4,1300.1,28651
1785992040,1300.0,1300.4,1300.0,1300.4,25015
1785992100,1300.4,1300.4,1299.0,1299.0,16594
1785992160,1299.1,1299.7,1299.0,1299.6,12241
1785992220,1299.4,1299.6,1299.0,1299.5,6780
1785992280,1299.6,1299.6,1299.2,1299.6,11740
1785992340,1299.7,1300.0,1299.6,1300.0,7804
1785992400,1299.7,1299.8,1299.5,1299.7,9095
1785992460,1299.7,1300.8,1299.6,1300.8,18155
1785992520,1300.7,1300.8,1300.0,1300.2,12075
1785992580,1300.5,1301.0,1300.1,1300.9,16205
1785992640,1300.9,1301.0,1300.3,1300.5,14752
1785992700,1300.5,1300.5,1300.0,1300.5,12545
1785992760,1300.4,1300.7,1300.1,1300.1,5729
1785992820,1300.3,1300.6,1300.0,1300.0,7694
1785992880,1299.8,1300.7,1299.6,1299.9,15123
1785992940,1299.9,1300.4,1299.9,1300.0,7259
1785993000,1300.0,1300.0,1299.6,1299.8,7537
1785993060,1299.8,1300.2,1299.7,1299.7,38177
1785993120,1300.1,1300.3,1299.9,1300.0,13225
1785993180,1300.1,1300.2,1299.9,1300.0,5330
1785993240,1300.0,1301.0,1299.7,1300.7,21949
1785993300,1300.6,1300.7,1300.0,1300.5,6260
1785993360,1300.6,1300.6,1300.2,1300.2,6070
1785993420,1300.5,1300.7,1300.1,1300.1,12400
1785993480,1300.5,1301.4,1300.0,1301.2,47314
1785993540,1301.2,1301.7,1301.0,1301.6,18928
1785993600,1301.2,1301.8,1300.9,1301.4,13577
1785993660,1301.4,1301.4,1300.6,1300.6,9178
1785993720,1300.8,1301.5,1300.6,1301.3,11672
1785993780,1301.3,1303.7,1301.3,1303.6,81244
1785993840,1303.7,1304.8,1303.1,1304.5,61518
1785993900,1304.8,1304.8,1304.3,1304.6,19900
1785993960,1304.6,1305.8,1304.0,1305.7,130397
1785994020,1305.6,1306.9,1305.6,1306.5,66122
1785994080,1306.6,1306.6,1305.2,1305.8,24103
1785994140,1306.0,1307.3,1305.6,1307.0,107776
1785994200,1307.0,1307.0,1306.5,1306.7,30157
1785994260,1306.8,1306.9,1305.1,1305.5,26509
1785994320,1305.8,1306.5,1305.5,1305.6,24677
1785994380,1305.7,1306.3,1305.5,1305.9,24000
1785994440,1305.9,1306.1,1305.3,1305.3,12578
1785994500,1305.6,1306.2,1305.5,1306.0,28969
1785994560,1306.1,1306.5,1306.0,1306.3,41954
1785994620,1306.3,1306.5,1306.0,1306.0,15471
1785994680,1306.1,1306.5,1305.8,1306.0,339943
1785994740,1306.2,1307.5,1306.0,1307.0,113825
1785994800,1307.5,1307.9,1307.0,1307.9,35929
1785994860,1307.7,1308.4,1307.5,1308.4,167786
1785994920,1308.4,1308.6,1308.0,1308.5,24806
1785994980,1308.3,1308.4,1307.8,1308.2,25496
1785995040,1308.2,1308.7,1307.6,1308.3,27510
1785995100,1309.3,1309.5,1307.7,1308.2,103861
1785995160,1308.0,1308.3,1307.7,1308.0,22339
1785995220,1308.1,1311.3,1308.0,1310.8,378968
1785995280,1310.7,1311.5,1310.5,1310.6,54799
1785995340,1310.8,1311.9,1310.6,1311.6,48345
1785995400,1311.3,1311.9,1310.5,1310.9,29904
1785995460,1310.5,1311.3,1310.5,1310.5,25019
1785995520,1310.9,1311.3,1310.4,1310.8,35647
1785995580,1310.9,1311.7,1310.8,1310.8,65195
1785995640,1310.9,1313.4,1310.8,1312.7,339845
1785995700,1313.0,1314.3,1312.4,1313.9,190430
1785995760,1313.6,1314.4,1313.0,1313.1,56461
1785995820,1313.4,1313.7,1311.9,1312.6,69875
1785995880,1312.5,1313.3,1311.6,1312.6,38486
1785995940,1312.8,1314.2,1312.5,1313.9,68196
1785996000,1314.0,1314.8,1313.1,1314.3,50118
1785996060,1314.3,1314.9,1312.4,1313.3,62321
1785996120,1313.5,1313.9,1312.2,1312.2,21413
1785996180,1312.0,1313.2,1311.2,1311.2,58202
1785996240,1311.2,1311.8,1310.7,1311.5,40029
1785996300,1311.4,1312.1,1311.1,1311.3,22579
1785996360,1311.4,1312.2,1311.4,1311.7,19093
1785996420,1311.2,1311.6,1311.2,1311.2,16581
1785996480,1311.3,1311.8,1311.2,1311.4,24858
1785996540,1311.4,1311.8,1311.3,1311.4,23311
1785996600,1311.6,1312.8,1311.5,1312.7,34692
1785996660,1312.5,1312.8,1312.0,1312.2,17062
1785996720,1312.0,1313.2,1312.0,1313.0,121009
1785996780,1313.1,1314.6,1313.0,1314.2,86354
1785996840,1314.2,1316.4,1313.8,1315.8,277763
1785996900,1315.8,1316.0,1315.0,1315.3,115048
1785996960,1315.3,1315.5,1315.0,1315.5,164107
1785997020,1315.6,1316.3,1315.5,1315.5,82294
1785997080,1315.6,1316.2,1315.5,1316.0,34548
1785997140,1316.1,1317.1,1316.0,1316.5,146139
1785997200,1316.5,1317.0,1316.0,1316.3,57883
1785997260,1316.0,1316.4,1316.0,1316.2,45611
1785997320,1316.0,1317.8,1316.0,1317.4,116062
1785997380,1317.6,1317.6,1316.5,1316.6,22268
1785997440,1316.7,1316.8,1316.0,1316.0,18842
1785997500,1316.2,1317.6,1316.1,1317.3,39543
1785997560,1317.3,1317.5,1317.1,1317.4,25246
1785997620,1317.5,1318.5,1317.3,1318.1,138714
1785997680,1318.2,1318.7,1318.0,1318.1,38293
1785997740,1318.1,1319.4,1318.1,1319.2,105012
1785997800,1319.3,1319.3,1319.0,1319.0,193207
1785997860,1319.0,1319.2,1319.0,1319.0,99745
1785997920,1319.0,1319.1,1318.2,1319.0,219457
1785997980,1319.0,1319.5,1318.0,1318.0,65198
1785998040,1318.0,1318.1,1316.9,1317.0,33582
1785998100,1317.1,1317.4,1317.0,1317.0,25960
1785998160,1317.1,1317.1,1316.0,1316.0,28062
1785998220,1316.0,1316.5,1316.0,1316.4,31940
1785998280,1316.4,1316.4,1315.3,1315.5,25552
1785998340,1315.5,1315.7,1315.3,1315.6,21931
1785998400,1315.7,1316.0,1315.6,1316.0,17592
1785998460,1315.9,1316.1,1315.6,1315.6,57243
1785998520,1315.3,1316.0,1315.0,1315.0,60610
1785998580,1315.0,1315.7,1315.0,1315.5,26320
1785998640,1315.4,1316.2,1315.0,1316.1,43750
1785998700,1316.1,1316.3,1315.6,1316.2,27650
1785998760,1316.3,1316.4,1315.2,1316.0,23554
1785998820,1315.8,1316.3,1315.3,1315.7,20888
1785998880,1315.7,1316.0,1315.3,1315.8,31148
1785998940,1315.7,1316.1,1315.7,1316.0,16964
1785999000,1316.1,1316.1,1315.1,1315.1,19854
1785999060,1315.1,1315.3,1315.0,1315.0,28790
1785999120,1315.0,1315.0,1314.1,1314.2,47748
1785999180,1314.2,1314.8,1314.1,1314.7,22228
1785999240,1314.7,1315.7,1314.7,1315.4,33880
1785999300,1315.4,1316.0,1315.4,1315.8,22354
1785999360,1315.8,1316.7,1315.7,1315.9,36063
1785999420,1315.9,1316.5,1315.9,1316.3,13153
1785999480,1316.4,1316.5,1316.0,1316.2,17021
1785999540,1316.2,1316.4,1316.1,1316.4,16570
1785999600,1316.5,1316.8,1316.4,1316.8,15195
1785999660,1316.9,1317.0,1316.8,1317.0,26328
1785999720,1317.0,1317.3,1316.9,1317.2,16115
1785999780,1317.2,1318.3,1317.1,1318.1,37276
1785999840,1318.1,1318.5,1318.0,1318.2,30279
1785999900,1318.3,1319.1,1318.2,1319.1,68625
1785999960,1319.0,1319.7,1318.8,1319.5,86337
1786000020,1319.7,1320.4,1319.5,1320.2,438389
1786000080,1320.3,1320.4,1319.5,1319.7,69695
1786000140,1319.8,1320.7,1319.7,1320.5,74711
1786000200,1320.5,1321.7,1320.2,1321.6,131969
1786000260,1320.5,1320.5,1320.0,1320.1,44626
1786000320,1320.2,1320.3,1320.0,1320.2,19588
1786000380,1320.0,1320.2,1320.0,1320.1,25758
1786000440,1320.1,1320.6,1319.5,1320.6,39092
1786000500,1320.6,1321.5,1320.6,1321.5,41488
1786000560,1321.1,1321.4,1320.3,1320.3,23526
1786000620,1320.5,1321.4,1320.5,1321.2,33445
1786000680,1321.1,1321.3,1320.0,1320.0,81269
1786000740,1320.0,1320.5,1320.0,1320.4,53836
1786000800,1320.0,1320.4,1319.9,1320.0,19801
1786000860,1320.1,1320.6,1320.0,1320.3,44461
1786000920,1320.4,1320.8,1320.2,1320.7,27419
1786000980,1320.7,1320.8,1320.2,1320.3,73161
1786001040,1320.1,1320.3,1320.0,1320.0,45102
1786001100,1320.0,1320.2,1320.0,1320.0,47715
1786001160,1320.2,1320.3,1320.0,1320.0,25054
1786001220,1320.0,1321.2,1320.0,1320.6,100716
1786001280,1321.0,1321.4,1320.3,1320.6,55432
1786001340,1320.6,1321.3,1320.0,1320.4,79369
1786001400,1320.4,1323.5,1320.3,1323.0,381907
1786001460,1323.0,1323.4,1322.2,1322.7,50672
1786001520,1323.2,1324.4,1323.2,1323.9,215958
1786001580,1323.9,1325.2,1323.6,1324.0,480018
1786001640,1323.9,1324.0,1322.4,1322.5,45909
1786001700,1322.5,1322.8,1321.7,1322.5,49434
1786001760,1322.5,1323.0,1320.5,1320.8,79443
1786001820,1320.7,1321.3,1320.0,1321.0,66648
1786001880,1321.2,1321.8,1321.0,1321.7,83032
1786001940,1321.7,1322.4,1321.5,1322.1,39654
1786002000,1322.1,1322.4,1322.1,1322.3,33146
1786002060,1322.2,1322.6,1322.1,1322.5,21754
1786002120,1322.5,1323.0,1320.9,1320.9,96335
1786002180,1321.2,1321.5,1320.5,1320.5,19466
1786002240,1320.9,1320.9,1320.5,1320.7,18629
1786002300,1320.7,1320.9,1320.0,1320.7,21881
1786002360,1321.2,1322.5,1321.2,1322.5,63871
1786002420,1322.5,1322.9,1322.3,1322.5,97686
1786002480,1322.5,1323.4,1322.1,1322.1,88384
1786002540,1322.3,1322.3,1321.4,1321.5,63153
1786002600,1321.5,1321.8,1320.7,1320.7,82062
1786002660,1320.4,1321.6,1320.2,1321.0,34507
1786002720,1321.0,1321.0,1319.6,1319.7,29618
1786002780,1319.8,1320.3,1318.3,1318.5,72140
1786002840,1318.6,1319.6,1318.4,1319.1,24010
1786002900,1319.1,1320.2,1319.1,1319.6,16897
1786002960,1319.7,1320.4,1319.1,1320.4,36053
1786003020,1320.3,1320.9,1320.3,1320.7,18810
1786003080,1320.7,1321.0,1320.5,1320.5,21982
1786003140,1320.6,1320.7,1319.4,1320.0,18570
1786003200,1320.0,1320.2,1319.7,1319.9,14754
1786003260,1319.9,1320.2,1319.7,1320.1,22692
1786003320,1320.1,1320.5,1320.1,1320.2,13661
1786003380,1320.1,1320.6,1319.5,1320.6,27926
1786003440,1320.6,1321.0,1320.4,1320.8,14434
1786003500,1320.8,1320.9,1320.1,1320.6,25974
1786003560,1320.7,1320.9,1320.4,1320.6,13407
1786003620,1320.7,1321.5,1320.2,1320.4,32462
1786003680,1320.4,1321.0,1319.7,1319.8,158465
1786003740,1319.9,1320.5,1319.2,1319.7,164505
1786003800,1319.2,1320.3,1319.1,1320.2,73303
1786003860,1320.1,1320.3,1320.0,1320.1,21924
1786003920,1320.1,1320.1,1319.3,1319.7,37353
1786003980,1319.8,1319.8,1319.5,1319.5,16678
1786004040,1319.5,1319.6,1319.4,1319.5,13863
1786004100,1319.6,1320.3,1319.6,1320.3,23698
1786004160,1320.3,1320.3,1318.7,1318.8,41397
1786004220,1318.7,1319.0,1318.1,1318.1,40384
1786004280,1318.1,1318.5,1317.7,1317.8,89012
1786004340,1317.9,1318.4,1317.7,1318.3,66596
1786004400,1318.3,1318.6,1317.9,1317.9,55743
1786004460,1317.9,1318.7,1317.7,1318.3,94284
1786004520,1318.3,1319.3,1318.1,1319.3,48790
1786004580,1319.3,1319.5,1319.0,1319.1,11730
1786004640,1319.1,1319.3,1318.9,1319.2,9813
1786004700,1319.3,1319.3,1318.9,1319.3,12206
1786004760,1319.3,1319.3,1318.5,1318.5,13989
1786004820,1318.6,1318.7,1318.0,1318.2,34443
1786004880,1318.3,1318.4,1317.7,1318.1,75965
1786004940,1318.2,1320.2,1318.2,1320.2,79565
1786005000,1320.0,1320.1,1319.1,1319.1,82609
1786005060,1319.4,1319.4,1318.7,1318.9,16938
1786005120,1319.0,1319.1,1318.4,1318.4,14848
1786005180,1318.5,1318.9,1318.4,1318.9,23459
1786005240,1318.9,1319.3,1318.9,1319.3,11565
1786005300,1319.2,1319.4,1318.9,1319.1,14849
1786005360,1319.2,1319.6,1319.1,1319.6,13851
1786005420,1319.5,1319.9,1319.1,1319.7,18060
1786005480,1319.7,1321.1,1319.7,1321.1,41775
1786005540,1320.9,1321.1,1320.0,1320.0,56610
1786005600,1320.0,1321.1,1320.0,1320.6,28606
1786005660,1320.8,1321.5,1320.5,1321.5,61026
1786005720,1321.1,1321.3,1320.5,1320.9,34040
1786005780,1320.8,1321.4,1320.6,1321.3,32462
1786005840,1321.2,1321.2,1321.0,1321.2,28142
1786005900,1321.1,1321.9,1321.1,1321.9,35329
1786005960,1321.5,1322.1,1321.5,1322.1,33309
1786006020,1322.1,1322.5,1321.8,1322.4,28404
1786006080,1322.5,1322.9,1322.5,1322.8,23790
1786006140,1322.9,1323.1,1322.8,1323.0,34736
1786006200,1322.9,1323.0,1322.5,1322.9,40525
1786006260,1322.8,1322.9,1322.2,1322.3,53727
1786006320,1322.4,1322.5,1321.9,1322.3,33793
1786006380,1322.4,1322.4,1321.8,1322.0,23217
1786006440,1322.0,1322.4,1321.8,1322.0,27748
1786006500,1322.0,1322.7,1322.0,1322.5,29466
1786006560,1322.5,1323.0,1322.4,1322.8,32112
1786006620,1322.9,1323.2,1322.8,1323.0,29491
1786006680,1323.0,1323.1,1322.8,1323.0,24038
1786006740,1323.0,1323.0,1322.6,1322.9,27917
1786006800,1322.8,1323.0,1322.8,1322.8,30407
1786006860,1322.7,1322.8,1321.1,1322.3,136922
1786006920,1322.0,1323.4,1322.0,1322.9,86850
1786006980,1322.8,1323.0,1321.8,1322.2,39453
1786007040,1321.8,1322.4,1321.7,1321.8,23673
1786007100,1321.9,1322.8,1321.9,1322.4,39895
1786007160,1322.8,1322.8,1322.3,1322.5,37724
1786007220,1322.5,1322.8,1322.3,1322.7,37772
1786007280,1322.7,1322.8,1322.5,1322.7,28543
1786007340,1322.7,1322.8,1322.5,1322.8,22253
1786007400,1322.7,1322.8,1321.5,1321.5,129000
1786007460,1321.3,1322.5,1321.3,1322.4,50122
1786007520,1322.3,1323.5,1322.3,1323.0,125502
1786007580,1322.5,1323.0,1322.2,1322.5,45823
1786007640,1321.4,1322.2,1321.4,1321.8,63934
1786007700,1321.8,1322.4,1321.7,1322.4,40418
1786007760,1322.0,1322.2,1321.7,1322.2,39474
1786007820,1322.2,1322.6,1322.1,1322.6,26410
1786007880,1322.6,1322.6,1322.0,1322.6,37333
1786007940,1322.4,1322.6,1322.1,1322.3,21113
1786008000,1322.5,1322.5,1321.6,1321.9,46733
1786008060,1321.9,1321.9,1321.4,1321.7,50007
1786008120,1321.6,1321.9,1321.3,1321.5,45310
1786008180,1321.3,1321.3,1321.1,1321.2,24530
1786008240,1321.2,1321.3,1321.1,1321.2,35335
1786008300,1321.3,1321.4,1320.5,1321.4,59910
1786008360,1321.3,1321.9,1321.3,1321.9,26826
1786008420,1321.8,1321.9,1321.5,1321.7,30562
1786008480,1321.8,1321.9,1320.9,1321.7,54478
1786008540,1321.6,1321.7,1321.0,1321.7,37942
1786008600,1321.3,1321.8,1321.2,1321.7,35999
1786008660,1321.7,1321.8,1321.0,1321.4,75590
1786008720,1321.6,1321.7,1321.2,1321.5,123394
1786008780,1321.5,1321.5,1320.1,1320.1,150500
1786008840,1320.5,1320.7,1319.6,1320.1,136706
1786008900,1320.7,1321.2,1320.0,1321.0,153775
1786008960,1320.8,1322.1,1320.1,1321.4,134994
1786009020,1320.9,1322.3,1320.7,1322.0,80278
1786009080,1322.0,1322.3,1321.0,1321.8,137098
1786009140,1321.7,1322.6,1321.0,1321.1,126445
1786009200,1321.2,1322.3,1320.8,1321.5,97371
1786009260,1322.0,1322.0,1320.8,1321.0,66584
1786009320,1320.9,1321.5,1320.9,1321.0,76129
1786009380,1321.1,1321.6,1321.0,1321.5,61903
1786009440,1321.5,1321.9,1320.3,1321.9,39136
1786009500,1321.0,1321.0,1321.0,1321.0,128
1786074300,1320.0,1329.3,1320.0,1328.1,384319
1786074360,1328.3,1331.6,1327.6,1331.0,289530
1786074420,1331.0,1331.2,1327.3,1327.8,91436
1786074480,1327.0,1327.2,1325.4,1326.0,92100
1786074540,1326.0,1327.8,1325.4,1327.5,59474
1786074600,1327.5,1327.5,1325.0,1325.9,56129
1786074660,1325.8,1326.8,1325.3,1325.5,20110
1786074720,1325.5,1325.6,1325.4,1325.4,23098
1786074780,1325.3,1326.7,1325.3,1326.0,56042
1786074840,1325.6,1327.6,1325.6,1327.6,35128
1786074900,1327.2,1327.4,1326.1,1326.1,15882
1786074960,1326.1,1326.2,1324.0,1324.0,35003
1786075020,1323.6,1324.7,1323.0,1324.0,26690
1786075080,1324.5,1324.5,1322.6,1322.6,32799
1786075140,1322.7,1323.0,1322.2,1322.2,26441
1786075200,1322.5,1322.7,1322.0,1322.0,23403
1786075260,1322.2,1322.2,1321.4,1321.5,33527
1786075320,1321.7,1322.5,1321.5,1322.0,26596
1786075380,1322.5,1322.5,1321.5,1322.1,18802
1786075440,1321.8,1322.1,1321.3,1321.3,15388
1786075500,1321.4,1322.0,1321.0,1321.2,24621
1786075560,1321.2,1321.2,1320.5,1320.6,24483
1786075620,1321.0,1321.0,1320.0,1320.1,24335
1786075680,1320.0,1320.5,1320.0,1320.1,10492
1786075740,1319.1,1319.5,1318.7,1319.0,39824
1786075800,1319.3,1319.8,1318.6,1319.5,29259
1786075860,1319.5,1319.7,1318.1,1319.2,34550
1786075920,1319.7,1319.7,1319.0,1319.4,12709
1786075980,1319.5,1319.6,1319.0,1319.1,9223
1786076040,1319.6,1320.6,1319.6,1320.3,34006
1786076100,1320.3,1320.3,1319.1,1319.3,9321
1786076160,1319.2,1319.2,1318.0,1318.4,39970
1786076220,1318.4,1318.4,1317.7,1318.0,16781
1786076280,1318.0,1318.1,1318.0,1318.1,9920
1786076340,1318.0,1318.0,1317.2,1317.8,17396
1786076400,1318.0,1318.8,1318.0,1318.7,19149
1786076460,1318.7,1318.7,1318.1,1318.6,23568
1786076520,1318.7,1318.7,1316.6,1317.7,33202
1786076580,1317.5,1318.6,1317.5,1318.4,14419
1786076640,1318.2,1318.5,1317.9,1317.9,6604
1786076700,1317.9,1320.5,1317.9,1320.5,41328
1786076760,1320.2,1320.5,1319.8,1320.4,20506
1786076820,1320.4,1320.7,1320.1,1320.6,6994
1786076880,1320.2,1323.8,1320.2,1323.1,78886
1786076940,1322.5,1323.8,1322.5,1323.0,21571
1786077000,1322.7,1323.0,1322.5,1322.7,15634
1786077060,1322.5,1323.0,1321.5,1322.5,19211
1786077120,1322.3,1322.8,1321.5,1321.5,6859
1786077180,1321.4,1321.9,1321.0,1321.2,25808
1786077240,1321.0,1321.6,1321.0,1321.3,25700
1786077300,1321.3,1321.4,1321.1,1321.3,4095
1786077360,1321.1,1321.3,1321.0,1321.1,9980
1786077420,1320.6,1320.6,1320.0,1320.2,13091
1786077480,1320.2,1320.2,1319.3,1319.8,18867
1786077540,1319.8,1319.8,1319.2,1319.7,9007
1786077600,1319.7,1319.7,1318.9,1318.9,26092
1786077660,1319.0,1319.0,1318.1,1318.7,12623
1786077720,1318.9,1319.1,1318.2,1318.6,5338
1786077780,1318.4,1318.5,1318.1,1318.4,8004
1786077840,1318.6,1319.4,1318.4,1319.4,9410
1786077900,1319.3,1319.3,1318.2,1318.5,10997
1786077960,1318.4,1318.7,1318.3,1318.7,9671
1786078020,1318.7,1318.7,1318.5,1318.7,3542
1786078080,1318.5,1318.7,1317.5,1317.9,36796
1786078140,1317.9,1319.7,1317.5,1319.5,40980
1786078200,1319.7,1320.0,1319.4,1319.8,10225
1786078260,1319.8,1320.9,1319.8,1320.8,14613
1786078320,1320.9,1320.9,1319.6,1320.0,9792
1786078380,1320.0,1320.0,1319.5,1319.9,3730
1786078440,1319.2,1319.3,1319.0,1319.0,6498
1786078500,1319.2,1319.4,1318.8,1319.2,13881
1786078560,1319.2,1319.3,1319.1,1319.3,2281
1786078620,1319.3,1319.3,1319.0,1319.0,5422
1786078680,1319.2,1319.9,1319.2,1319.7,9791
1786078740,1319.9,1320.0,1319.7,1320.0,4148
1786078800,1320.3,1320.3,1319.6,1319.9,8346
1786078860,1319.9,1319.9,1319.1,1319.1,3620
1786078920,1319.3,1320.0,1319.1,1319.6,9186
1786078980,1320.0,1320.0,1319.7,1319.8,8106
1786079040,1319.9,1320.0,1319.8,1320.0,8455
1786079100,1319.9,1320.5,1319.9,1320.5,7442
1786079160,1320.5,1320.9,1320.3,1320.4,19246
1786079220,1320.8,1321.1,1320.4,1321.1,21986
1786079280,1321.1,1321.1,1320.0,1320.0,7301
1786079340,1320.4,1321.0,1319.5,1320.7,14428
1786079400,1320.9,1322.2,1320.4,1322.0,24010
1786079460,1322.0,1322.8,1321.7,1322.2,15180
1786079520,1322.1,1322.5,1321.5,1322.1,6415
1786079580,1322.2,1324.4,1321.9,1323.5,54348
1786079640,1323.9,1324.4,1323.2,1324.2,24626
1786079700,1324.2,1325.9,1324.0,1325.0,67746
1786079760,1324.7,1325.1,1324.0,1325.1,27364
1786079820,1325.0,1325.6,1325.0,1325.5,16218
1786079880,1325.5,1326.6,1325.3,1326.3,24395
1786079940,1326.5,1326.7,1325.5,1325.5,19094
1786080000,1325.9,1325.9,1325.0,1325.0,20498
1786080060,1325.2,1325.2,1323.8,1324.0,25192
1786080120,1323.7,1323.7,1323.1,1323.5,12210
1786080180,1323.5,1324.5,1323.5,1324.5,8474
1786080240,1324.5,1324.5,1324.2,1324.3,6103
1786080300,1324.3,1324.5,1324.2,1324.5,23684
1786080360,1324.5,1325.0,1324.2,1324.7,19428
1786080420,1324.9,1325.3,1324.9,1325.0,18238
1786080480,1325.1,1325.1,1324.2,1324.2,17424
1786080540,1324.2,1324.2,1323.6,1324.0,27083
1786080600,1324.1,1324.7,1324.0,1324.4,12019
1786080660,1324.5,1325.0,1323.9,1324.1,23312
1786080720,1324.2,1324.3,1323.7,1323.9,8050
1786080780,1324.1,1324.2,1323.8,1323.9,17444
1786080840,1323.9,1323.9,1323.7,1323.8,32784
1786080900,1323.8,1325.1,1323.8,1325.1,32608
1786080960,1325.0,1325.1,1325.0,1325.0,26307
1786081020,1325.0,1325.1,1323.7,1323.7,59877
1786081080,1323.6,1325.1,1323.6,1325.0,67911
1786081140,1325.0,1325.1,1324.3,1325.0,45262
1786081200,1325.0,1325.1,1324.9,1325.0,33841
1786081260,1325.1,1325.1,1325.0,1325.0,26053
1786081320,1325.0,1325.2,1325.0,1325.1,12578
1786081380,1325.0,1325.1,1325.0,1325.0,13752
1786081440,1325.2,1325.2,1325.0,1325.0,23931
1786081500,1325.0,1325.1,1324.3,1324.4,40646
1786081560,1324.5,1325.1,1323.7,1323.7,66286
1786081620,1323.6,1324.6,1323.6,1324.5,17678
1786081680,1324.6,1324.7,1324.5,1324.6,5735
1786081740,1324.6,1324.7,1324.5,1324.6,6547
1786081800,1324.6,1326.9,1324.6,1326.5,37777
1786081860,1326.8,1327.9,1326.6,1327.5,28665
1786081920,1327.6,1329.3,1327.5,1328.5,90608
1786081980,1328.9,1330.4,1328.5,1330.0,133206
1786082040,1330.3,1330.7,1330.0,1330.3,38224
1786082100,1330.3,1331.5,1330.1,1330.3,54391
1786082160,1330.3,1331.0,1330.1,1330.7,23779
1786082220,1330.7,1331.5,1330.5,1331.5,41031
1786082280,1332.0,1332.7,1331.2,1331.2,128172
1786082340,1331.2,1332.0,1331.1,1331.8,19912
1786082400,1331.8,1332.2,1331.2,1332.2,106115
1786082460,1332.2,1332.2,1330.6,1332.0,90092
1786082520,1332.1,1332.1,1330.2,1330.5,31311
1786082580,1330.5,1331.7,1330.2,1331.5,28752
1786082640,1331.6,1333.5,1331.2,1333.5,96036
1786082700,1333.5,1334.2,1333.3,1334.0,66573
1786082760,1334.2,1335.5,1334.0,1335.1,310574
1786082820,1335.0,1335.4,1335.0,1335.1,26526
1786082880,1335.0,1335.7,1334.6,1335.3,53987
1786082940,1335.3,1335.6,1335.1,1335.2,23009
1786083000,1335.2,1337.0,1335.2,1336.5,99349
1786083060,1336.5,1336.5,1336.0,1336.3,24549
1786083120,1336.2,1336.3,1335.1,1335.2,36724
1786083180,1335.7,1335.9,1335.0,1335.0,19829
1786083240,1335.0,1335.3,1335.0,1335.0,18405
1786083300,1335.1,1335.2,1334.8,1335.1,39065
1786083360,1335.1,1335.4,1335.0,1335.0,31703
1786083420,1334.9,1335.2,1334.9,1335.0,22216
1786083480,1335.2,1335.2,1334.7,1335.0,37408
1786083540,1335.0,1335.2,1334.6,1334.6,93008
1786083600,1335.1,1335.2,1333.1,1335.0,134068
1786083660,1335.0,1335.1,1334.6,1335.1,94810
1786083720,1335.1,1335.1,1333.7,1333.7,42228
1786083780,1334.0,1334.1,1333.2,1333.8,15653
1786083840,1334.4,1334.8,1333.9,1334.7,15206
1786083900,1335.0,1335.7,1334.6,1335.5,29126
1786083960,1335.5,1335.9,1335.2,1335.4,7602
1786084020,1335.5,1335.5,1335.0,1335.3,12245
1786084080,1335.5,1335.5,1335.3,1335.4,7260
1786084140,1335.5,1335.8,1335.3,1335.5,14172
1786084200,1335.6,1335.7,1335.0,1335.0,17144
1786084260,1335.3,1335.3,1335.0,1335.2,6484
1786084320,1335.2,1335.2,1335.0,1335.0,15905
1786084380,1334.9,1335.1,1334.9,1335.0,20755
1786084440,1335.0,1335.2,1334.8,1335.0,16606
1786084500,1335.0,1335.2,1334.6,1335.1,46583
1786084560,1335.0,1335.1,1334.5,1334.8,37177
1786084620,1335.1,1335.1,1334.4,1335.0,116641
1786084680,1335.0,1335.1,1334.5,1335.1,82786
1786084740,1335.1,1335.1,1334.6,1334.7,59504
1786084800,1335.0,1335.4,1334.8,1335.0,48586
1786084860,1335.2,1335.2,1334.9,1335.0,19446
1786084920,1335.0,1335.1,1333.3,1333.3,63245
1786084980,1333.7,1333.9,1332.5,1333.0,36444
1786085040,1332.7,1332.7,1332.0,1332.2,14450
1786085100,1332.2,1332.5,1332.0,1332.1,25731
1786085160,1332.3,1332.5,1332.0,1332.3,9949
1786085220,1332.3,1332.3,1332.0,1332.2,14722
1786085280,1332.2,1332.2,1332.0,1332.1,20375
1786085340,1332.0,1332.8,1332.0,1332.7,11123
1786085400,1332.7,1332.7,1330.3,1330.8,35870
1786085460,1331.0,1331.5,1330.6,1330.9,9724
1786085520,1330.9,1330.9,1330.4,1330.6,16350
1786085580,1330.4,1330.8,1330.0,1330.5,12641
1786085640,1330.5,1330.5,1329.5,1330.0,23879
1786085700,1330.3,1330.3,1329.6,1330.0,6605
1786085760,1330.0,1330.3,1329.7,1330.2,19859
1786085820,1330.3,1330.6,1330.2,1330.6,13577
1786085880,1330.6,1331.0,1330.6,1330.8,13944
1786085940,1330.9,1330.9,1329.5,1329.5,8171
1786086000,1329.8,1329.8,1329.0,1329.8,18010
1786086060,1329.9,1330.8,1329.4,1330.1,8228
1786086120,1330.5,1331.0,1330.2,1331.0,12258
1786086180,1331.0,1331.0,1330.3,1330.6,7889
1786086240,1330.8,1333.0,1330.7,1333.0,26306
1786086300,1333.0,1333.9,1332.5,1333.3,25323
1786086360,1332.9,1333.3,1332.0,1332.5,8840
1786086420,1332.7,1333.9,1332.6,1333.3,14046
1786086480,1333.1,1334.2,1333.1,1333.9,8550
1786086540,1334.2,1334.5,1333.9,1334.4,12691
1786086600,1334.4,1334.7,1333.8,1333.8,8972
1786086660,1333.6,1334.0,1332.8,1333.2,10241
1786086720,1333.3,1333.5,1332.3,1332.3,11376
1786086780,1332.2,1332.7,1332.0,1332.4,16007
1786086840,1332.6,1334.0,1332.2,1333.8,12051
1786086900,1333.7,1333.8,1332.5,1332.5,10303
1786086960,1332.5,1333.0,1332.4,1332.8,8011
1786087020,1333.1,1333.7,1333.0,1333.2,8330
1786087080,1333.2,1333.8,1333.0,1333.6,7897
1786087140,1333.8,1333.8,1333.6,1333.7,10063
1786087200,1333.7,1333.8,1332.5,1332.5,18471
1786087260,1333.0,1333.1,1332.4,1332.7,6414
1786087320,1332.7,1332.7,1332.1,1332.1,30340
1786087380,1332.0,1332.5,1332.0,1332.0,10857
1786087440,1332.3,1332.3,1331.2,1331.7,33871
1786087500,1332.2,1332.2,1331.3,1331.3,33526
1786087560,1331.5,1332.0,1331.0,1332.0,27807
1786087620,1331.5,1332.1,1330.7,1331.2,31053
1786087680,1330.8,1332.2,1330.6,1331.8,21243
1786087740,1332.2,1332.2,1331.5,1332.1,5513
1786087800,1332.1,1332.1,1331.5,1332.0,10762
1786087860,1332.0,1332.0,1330.1,1330.8,44459
1786087920,1331.0,1331.9,1330.7,1331.4,9537
1786087980,1331.1,1332.0,1330.8,1331.7,13918
1786088040,1331.9,1334.0,1331.9,1334.0,39025
1786088100,1333.9,1334.0,1333.5,1333.9,16342
1786088160,1334.0,1334.2,1333.4,1333.4,25744
1786088220,1334.0,1334.2,1332.4,1332.9,27994
1786088280,1333.1,1333.7,1332.6,1333.2,8208
1786088340,1334.0,1334.0,1332.5,1333.5,25317
1786088400,1333.5,1333.7,1333.0,1333.1,9604
1786088460,1333.2,1333.7,1332.8,1333.2,18323
1786088520,1333.7,1334.2,1333.1,1334.1,33942
1786088580,1334.1,1334.5,1333.4,1334.2,43229
1786088640,1334.2,1334.2,1332.6,1332.6,29148
1786088700,1332.4,1332.6,1331.6,1332.0,36171
1786088760,1332.4,1332.5,1331.8,1332.4,12482
1786088820,1332.5,1332.5,1330.8,1331.0,10635
1786088880,1331.3,1332.0,1330.8,1330.8,11783
1786088940,1331.4,1331.4,1330.2,1330.6,11963
1786089000,1330.7,1331.4,1330.2,1330.9,18654
1786089060,1330.9,1331.4,1330.9,1331.3,52816
1786089120,1331.0,1332.8,1331.0,1332.5,30606
1786089180,1332.5,1332.9,1331.7,1331.9,8093
1786089240,1331.9,1332.0,1331.6,1331.9,4558
1786089300,1331.8,1332.0,1331.7,1331.9,5552
1786089360,1332.0,1332.1,1331.8,1332.0,10779
1786089420,1332.0,1332.4,1331.7,1332.4,17028
1786089480,1332.5,1332.9,1332.0,1332.9,19350
1786089540,1332.9,1332.9,1331.4,1331.4,10008
1786089600,1331.5,1331.5,1331.2,1331.5,10517
1786089660,1331.5,1332.0,1331.1,1331.4,9177
1786089720,1331.9,1331.9,1331.3,1331.3,4515
1786089780,1331.3,1331.7,1331.3,1331.5,5060
1786089840,1331.5,1331.8,1330.8,1330.8,17637
1786089900,1330.5,1330.7,1330.3,1330.4,7196
1786089960,1330.6,1330.9,1330.4,1330.9,8199
1786090020,1330.5,1331.0,1330.2,1330.2,5972
1786090080,1330.2,1330.2,1329.7,1329.7,24328
1786090140,1330.0,1331.0,1329.3,1330.7,10985
1786090200,1330.7,1330.7,1330.1,1330.1,4986
1786090260,1330.0,1330.7,1329.7,1330.7,14335
1786090320,1330.7,1331.0,1330.0,1330.1,11879
1786090380,1330.1,1330.8,1330.0,1330.8,4626
1786090440,1330.8,1331.0,1330.6,1330.7,4235
1786090500,1330.7,1330.9,1330.0,1330.2,6880
1786090560,1330.1,1330.5,1329.4,1330.5,21108
1786090620,1330.2,1330.6,1329.1,1329.6,18894
1786090680,1329.5,1329.7,1329.0,1329.2,29386
1786090740,1329.5,1331.5,1329.0,1331.5,26479
1786090800,1331.0,1331.7,1329.6,1330.0,37462
1786090860,1330.0,1331.4,1330.0,1330.0,10617
1786090920,1330.5,1330.5,1329.7,1330.3,13406
1786090980,1330.4,1330.8,1329.6,1330.5,10393
1786091040,1330.5,1330.8,1330.5,1330.5,6381
1786091100,1330.5,1330.7,1330.5,1330.7,9520
1786091160,1330.8,1331.1,1330.5,1331.1,14292
1786091220,1331.0,1331.0,1330.5,1330.5,8642
1786091280,1330.6,1331.0,1330.5,1330.6,6371
1786091340,1330.6,1331.0,1330.2,1330.2,6988
1786091400,1330.5,1330.8,1330.5,1330.8,6492
1786091460,1330.5,1330.8,1330.3,1330.5,8696
1786091520,1330.5,1330.5,1330.5,1330.5,5786
1786091580,1330.5,1330.5,1330.5,1330.5,6397
1786091640,1330.5,1330.5,1329.6,1330.0,16581
1786091700,1330.0,1330.9,1329.6,1330.9,18482
1786091760,1330.9,1330.9,1330.1,1330.5,6027
1786091820,1330.5,1331.3,1329.5,1330.8,19551
1786091880,1330.5,1331.3,1330.3,1330.7,11927
1786091940,1330.7,1331.0,1330.5,1331.0,8580
1786092000,1330.8,1331.1,1330.5,1330.8,6279
1786092060,1330.8,1330.8,1330.5,1330.7,5239
1786092120,1330.5,1330.7,1330.0,1330.0,18722
1786092180,1330.1,1330.6,1329.7,1329.9,12682
1786092240,1330.0,1330.3,1329.8,1330.0,11531
1786092300,1330.1,1330.1,1329.7,1330.0,8785
1786092360,1330.1,1330.1,1329.9,1330.0,7368
1786092420,1330.1,1330.2,1329.8,1330.0,5522
1786092480,1330.2,1330.6,1330.1,1330.5,6640
1786092540,1330.5,1330.6,1330.5,1330.5,8769
1786092600,1330.5,1330.8,1330.5,1330.8,6696
1786092660,1330.8,1330.8,1329.9,1330.4,17871
1786092720,1330.4,1330.5,1329.7,1329.8,6611
1786092780,1330.0,1330.0,1328.7,1329.0,23793
1786092840,1329.4,1329.9,1329.0,1329.8,27170
1786092900,1329.7,1329.8,1328.7,1328.7,23197
1786092960,1329.0,1329.0,1327.2,1327.8,37452
1786093020,1327.3,1327.8,1327.0,1327.3,34521
1786093080,1327.1,1327.5,1326.6,1326.7,22832
1786093140,1326.9,1326.9,1325.9,1326.0,27804
1786093200,1326.1,1326.2,1325.5,1326.0,29376
1786093260,1325.6,1326.4,1325.5,1326.4,51032
1786093320,1326.1,1327.1,1326.1,1327.0,20050
1786093380,1327.1,1328.8,1327.0,1327.4,61940
1786093440,1327.7,1327.7,1326.6,1326.8,10727
1786093500,1326.8,1326.8,1325.6,1325.6,18463
1786093560,1325.6,1325.8,1325.2,1325.5,11620
1786093620,1325.6,1326.4,1325.2,1326.0,13473
1786093680,1326.1,1327.6,1326.1,1327.0,32333
1786093740,1327.0,1327.9,1327.0,1327.8,13345
1786093800,1327.8,1327.8,1326.5,1326.5,20340
1786093860,1326.5,1326.9,1326.2,1326.2,8298
1786093920,1327.6,1327.6,1326.8,1326.9,22771
1786093980,1326.9,1327.3,1326.7,1326.8,8337
1786094040,1326.9,1326.9,1326.3,1326.4,20869
1786094100,1326.9,1328.6,1326.7,1328.0,31378
1786094160,1327.9,1330.0,1327.6,1329.5,26505
1786094220,1329.4,1331.9,1328.9,1331.3,64782
1786094280,1331.8,1331.8,1330.2,1330.3,23306
1786094340,1330.2,1331.6,1330.2,1331.3,14885
1786094400,1330.9,1331.4,1330.1,1330.5,14524
1786094460,1330.1,1330.1,1329.0,1329.0,22126
1786094520,1329.4,1331.6,1328.5,1330.4,39513
1786094580,1330.5,1331.1,1329.7,1330.4,19528
1786094640,1330.4,1330.9,1330.1,1330.6,16376
1786094700,1330.8,1330.9,1330.1,1330.1,22057
1786094760,1330.1,1330.3,1329.9,1330.1,14239
1786094820,1330.2,1331.9,1330.2,1331.9,53259
1786094880,1331.7,1332.7,1331.1,1332.4,52890
1786094940,1332.3,1332.7,1330.9,1330.9,35337
1786095000,1330.7,1332.2,1330.5,1331.4,29753
1786095060,1331.9,1332.0,1331.5,1331.7,13753
1786095120,1331.6,1332.1,1331.5,1331.9,30903
1786095180,1331.9,1332.3,1331.7,1331.9,21788
1786095240,1331.9,1332.2,1331.6,1332.0,21580
1786095300,1332.2,1332.2,1330.9,1330.9,27182
1786095360,1331.0,1331.2,1330.7,1330.7,22652
1786095420,1331.0,1331.0,1330.6,1330.6,22870
1786095480,1330.9,1331.0,1330.5,1330.8,30372
1786095540,1330.0,1330.9,1330.0,1330.6,31069
1786095600,1330.4,1331.5,1330.4,1331.1,60729
1786095660,1331.5,1331.5,1331.1,1331.4,25074
1786095720,1331.4,1331.4,1330.6,1330.6,47440
1786095780,1330.7,1331.0,1330.6,1330.9,18609
1786095840,1330.8,1330.8,1330.0,1330.0,35563
1786095900,1329.0,1329.0,1329.0,1329.0,2895
1786333500,1330.1,1332.1,1328.2,1329.4,113290
1786333560,1329.1,1329.4,1326.6,1328.9,65864
1786333620,1329.3,1330.1,1328.7,1328.7,27161
1786333680,1329.0,1329.6,1328.6,1328.6,27363
1786333740,1328.4,1328.4,1326.5,1327.9,39477
1786333800,1328.4,1328.4,1326.3,1327.8,42620
1786333860,1327.8,1327.8,1326.5,1327.4,49062
1786333920,1326.7,1327.3,1326.7,1327.2,11419
1786333980,1326.2,1327.0,1326.2,1326.9,16018
1786334040,1327.0,1327.6,1326.2,1327.4,27369
1786334100,1327.4,1327.4,1326.7,1327.1,15145
1786334160,1327.1,1327.2,1326.5,1326.7,9501
1786334220,1326.3,1326.4,1324.3,1324.3,40589
1786334280,1325.3,1325.4,1324.2,1325.0,53022
1786334340,1325.7,1326.0,1325.4,1325.4,14038
1786334400,1325.4,1325.5,1324.8,1324.8,29393
1786334460,1325.3,1325.3,1324.9,1325.0,18067
1786334520,1324.8,1325.3,1324.7,1325.2,20649
1786334580,1325.0,1325.0,1324.1,1324.5,52567
1786334640,1324.4,1325.1,1324.4,1325.0,30790
1786334700,1325.1,1325.1,1324.5,1325.0,30965
1786334760,1325.0,1325.4,1324.5,1325.0,23815
1786334820,1325.4,1325.6,1324.9,1324.9,32039
1786334880,1324.0,1325.7,1324.0,1325.1,46490
1786334940,1325.3,1325.3,1324.9,1325.2,9533
1786335000,1325.0,1325.4,1324.9,1325.1,8357
1786335060,1325.0,1325.1,1323.7,1324.1,59519
1786335120,1324.5,1324.6,1322.7,1323.6,37900
1786335180,1323.8,1324.0,1323.3,1323.9,8530
1786335240,1323.8,1324.4,1323.5,1323.5,18688
1786335300,1323.8,1323.9,1322.4,1323.0,56109
1786335360,1322.8,1323.0,1322.1,1322.6,18592
1786335420,1322.7,1323.0,1322.5,1323.0,49378
1786335480,1323.5,1324.2,1323.3,1323.8,43732
1786335540,1323.5,1324.0,1323.2,1323.8,11670
1786335600,1323.7,1323.9,1323.1,1323.4,11020
1786335660,1324.0,1324.0,1323.4,1323.8,21823
1786335720,1323.6,1323.9,1323.2,1323.8,25282
1786335780,1323.9,1323.9,1323.3,1323.8,17465
1786335840,1323.8,1323.8,1323.3,1323.7,13987
1786335900,1323.7,1323.7,1322.9,1323.6,11257
1786335960,1323.6,1323.6,1323.1,1323.3,6842
1786336020,1323.3,1323.3,1323.0,1323.2,7522
1786336080,1323.2,1323.6,1322.9,1323.4,7899
1786336140,1323.4,1323.4,1323.4,1323.4,7494
1786336200,1323.4,1323.9,1323.4,1323.6,15479
1786336260,1323.0,1323.4,1322.8,1323.1,9440
1786336320,1323.2,1323.3,1323.0,1323.0,10261
1786336380,1323.2,1323.2,1323.2,1323.2,8337
1786336440,1323.2,1323.3,1322.9,1323.2,5691
1786336500,1323.1,1323.6,1323.1,1323.5,9436
1786336560,1323.5,1323.6,1323.0,1323.6,7532
1786336620,1323.4,1323.8,1323.3,1323.7,6381
1786336680,1323.7,1323.7,1323.3,1323.7,12516
1786336740,1323.7,1323.8,1321.3,1322.8,74828
1786336800,1322.8,1323.4,1322.0,1322.6,25796
1786336860,1322.9,1323.1,1322.6,1323.1,9422
1786336920,1323.1,1323.1,1322.0,1322.7,42014
1786336980,1322.6,1322.8,1322.3,1322.7,5837
1786337040,1322.6,1322.7,1322.4,1322.6,13528
1786337100,1322.8,1324.2,1322.8,1324.2,16575
1786337160,1324.2,1324.4,1324.2,1324.3,17090
1786337220,1324.8,1326.7,1324.8,1326.5,58343
1786337280,1326.6,1326.6,1325.6,1325.9,22321
1786337340,1325.8,1325.8,1324.5,1325.0,16951
1786337400,1324.9,1325.3,1324.9,1325.3,12835
1786337460,1325.4,1325.9,1325.4,1325.9,9250
1786337520,1326.1,1326.9,1326.1,1326.7,30937
1786337580,1326.7,1328.0,1326.7,1327.8,29641
1786337640,1327.8,1327.8,1327.3,1327.7,10143
1786337700,1328.0,1328.8,1327.8,1328.5,32191
1786337760,1328.5,1328.5,1326.5,1327.1,28988
1786337820,1326.9,1328.2,1326.9,1328.0,34079
1786337880,1327.8,1328.0,1327.5,1327.8,5330
1786337940,1327.8,1328.0,1327.7,1327.9,10074
1786338000,1327.9,1328.0,1327.5,1327.5,10586
1786338060,1327.7,1327.8,1327.3,1327.5,22382
1786338120,1327.5,1327.5,1326.8,1327.0,29293
1786338180,1327.2,1327.5,1326.8,1327.2,7233
1786338240,1327.0,1327.1,1326.7,1327.1,9590
1786338300,1327.1,1327.1,1326.7,1327.0,8727
1786338360,1327.0,1327.8,1327.0,1327.7,10932
1786338420,1327.5,1327.6,1326.9,1326.9,8491
1786338480,1326.9,1327.4,1326.5,1327.0,7117
1786338540,1327.0,1327.0,1327.0,1327.0,5409
1786338600,1327.0,1327.0,1326.9,1326.9,3912
1786338660,1327.0,1327.1,1327.0,1327.0,7443
1786338720,1327.1,1328.1,1327.1,1328.1,14455
1786338780,1328.2,1328.2,1327.3,1327.3,12772
1786338840,1327.5,1327.6,1327.3,1327.6,5438
1786338900,1327.6,1328.0,1327.6,1328.0,9208
1786338960,1328.0,1328.4,1328.0,1328.1,11541
1786339020,1328.3,1329.4,1327.1,1327.5,46279
1786339080,1327.8,1328.4,1327.5,1328.2,10485
1786339140,1328.2,1328.5,1328.1,1328.5,9770
1786339200,1328.5,1328.5,1328.1,1328.2,8237
1786339260,1328.2,1328.2,1327.9,1327.9,7081
1786339320,1327.9,1328.3,1327.9,1328.0,15149
1786339380,1328.0,1329.1,1327.9,1328.3,29082
1786339440,1328.3,1329.0,1328.3,1328.9,9331
1786339500,1328.9,1328.9,1328.5,1328.7,6290
1786339560,1328.6,1328.6,1328.6,1328.6,8346
1786339620,1328.5,1328.6,1328.5,1328.5,14318
1786339680,1328.5,1328.6,1328.0,1328.3,9439
1786339740,1328.3,1328.3,1328.0,1328.1,6559
1786339800,1328.1,1329.6,1328.0,1329.6,37782
1786339860,1329.6,1330.7,1329.6,1330.2,42577
1786339920,1330.2,1331.5,1330.2,1330.7,34375
1786339980,1330.5,1331.0,1329.8,1330.7,55014
1786340040,1330.7,1330.7,1330.2,1330.5,3782
1786340100,1330.5,1330.5,1330.0,1330.2,22328
1786340160,1330.2,1330.2,1330.0,1330.2,11969
1786340220,1330.0,1330.3,1329.5,1329.5,14829
1786340280,1330.1,1330.1,1329.6,1329.7,10927
1786340340,1329.5,1329.7,1329.1,1329.6,98404
1786340400,1329.2,1329.2,1327.2,1329.0,51672
1786340460,1329.0,1330.0,1328.8,1329.6,17907
1786340520,1329.8,1329.9,1329.4,1329.7,4737
1786340580,1329.7,1329.7,1329.4,1329.4,9319
1786340640,1329.4,1330.6,1329.4,1330.6,22315
1786340700,1330.5,1330.6,1330.0,1330.3,10018
1786340760,1330.3,1330.5,1330.3,1330.5,7648
1786340820,1330.5,1330.5,1329.5,1330.2,18971
1786340880,1330.2,1330.5,1330.0,1330.5,4680
1786340940,1330.5,1331.0,1330.4,1331.0,7336
1786341000,1331.0,1331.5,1330.9,1331.2,45846
1786341060,1331.2,1331.2,1330.3,1330.5,16307
1786341120,1330.5,1330.7,1330.2,1330.6,15817
1786341180,1330.7,1330.7,1330.4,1330.5,9657
1786341240,1330.3,1330.5,1330.0,1330.0,6386
1786341300,1330.0,1330.1,1329.8,1329.8,9780
1786341360,1329.8,1331.0,1329.8,1331.0,17619
1786341420,1330.8,1331.4,1330.5,1331.4,18957
1786341480,1331.4,1331.8,1331.0,1331.6,28230
1786341540,1331.5,1331.8,1330.8,1331.0,17567
1786341600,1331.0,1331.0,1330.4,1330.4,7678
1786341660,1330.4,1330.5,1330.0,1330.2,12010
1786341720,1330.2,1330.2,1329.8,1329.9,7715
1786341780,1329.9,1329.9,1329.3,1329.3,7350
1786341840,1329.8,1329.8,1329.2,1329.3,8890
1786341900,1329.2,1329.3,1328.7,1329.2,20656
1786341960,1329.1,1330.8,1328.8,1330.3,34697
1786342020,1329.9,1331.8,1329.8,1331.7,32834
1786342080,1331.7,1332.4,1331.4,1332.4,36151
1786342140,1332.4,1332.9,1331.0,1331.6,39502
1786342200,1331.7,1331.9,1331.0,1331.3,47097
1786342260,1331.2,1331.3,1331.0,1331.2,7624
1786342320,1331.1,1331.1,1330.8,1330.8,33883
1786342380,1330.8,1331.2,1330.6,1330.9,40544
1786342440,1330.6,1330.6,1329.9,1329.9,8861
1786342500,1329.5,1329.5,1329.0,1329.0,19485
1786342560,1329.1,1329.2,1328.6,1328.9,16529
1786342620,1328.9,1328.9,1327.8,1328.5,25211
1786342680,1328.7,1329.1,1328.5,1329.1,17286
1786342740,1329.3,1329.3,1328.8,1329.0,41511
1786342800,1328.9,1329.1,1327.5,1328.0,62074
1786342860,1328.1,1328.3,1327.9,1328.2,12181
1786342920,1328.2,1328.9,1328.0,1328.5,10216
1786342980,1328.6,1329.0,1327.8,1328.3,18371
1786343040,1327.7,1328.4,1327.7,1327.8,35460
1786343100,1327.7,1327.8,1327.5,1327.7,10957
1786343160,1327.5,1328.0,1327.3,1327.8,25518
1786343220,1328.0,1328.0,1326.5,1327.2,27458
1786343280,1327.2,1327.2,1326.9,1327.0,9050
1786343340,1327.0,1327.0,1326.5,1326.8,14828
1786343400,1326.8,1327.0,1326.5,1326.8,15030
1786343460,1326.5,1327.8,1326.5,1327.7,16727
1786343520,1327.5,1327.8,1327.3,1327.6,8433
1786343580,1327.6,1327.6,1327.2,1327.2,14756
1786343640,1327.1,1327.4,1327.1,1327.1,9073
1786343700,1327.1,1327.2,1326.9,1327.0,28304
1786343760,1327.0,1327.0,1326.5,1327.0,15619
1786343820,1327.0,1327.0,1326.3,1326.8,27921
1786343880,1326.9,1327.0,1326.4,1326.4,13377
1786343940,1326.5,1327.0,1326.2,1327.0,15027
1786344000,1326.8,1327.1,1326.6,1327.0,13393
1786344060,1327.3,1327.3,1327.0,1327.0,11577
1786344120,1326.7,1327.1,1326.7,1327.1,10978
1786344180,1327.0,1327.9,1327.0,1327.9,7317
1786344240,1327.1,1327.9,1327.0,1327.4,15498
1786344300,1327.2,1330.0,1327.0,1329.8,42784
1786344360,1329.9,1330.3,1329.4,1330.0,11941
1786344420,1330.4,1330.5,1330.0,1330.4,11419
1786344480,1330.4,1330.7,1330.0,1330.2,13894
1786344540,1330.2,1330.2,1329.6,1329.9,16333
1786344600,1330.1,1330.5,1330.0,1330.0,15177
1786344660,1330.1,1330.1,1329.5,1330.0,16787
1786344720,1329.8,1329.9,1329.7,1329.9,5576
1786344780,1330.0,1330.8,1330.0,1330.5,20720
1786344840,1330.5,1330.5,1330.2,1330.2,10715
1786344900,1330.3,1330.5,1330.2,1330.4,7209
1786344960,1330.3,1330.5,1330.2,1330.5,7999
1786345020,1330.4,1330.8,1330.4,1330.6,8793
1786345080,1330.5,1330.6,1330.3,1330.5,5233
1786345140,1330.4,1330.8,1329.9,1329.9,18929
1786345200,1330.0,1330.6,1330.0,1330.4,6949
1786345260,1330.4,1330.4,1330.0,1330.1,9991
1786345320,1330.4,1330.4,1329.5,1329.7,9727
1786345380,1330.1,1331.5,1329.7,1331.3,62385
1786345440,1331.3,1331.3,1329.5,1330.5,29701
1786345500,1330.4,1330.9,1330.3,1330.5,11563
1786345560,1330.5,1330.8,1330.0,1330.0,7259
1786345620,1330.0,1330.3,1330.0,1330.2,4488
1786345680,1330.3,1330.8,1330.0,1330.8,28403
1786345740,1330.6,1331.1,1330.3,1330.7,19561
1786345800,1330.5,1330.9,1330.4,1330.9,6201
1786345860,1330.5,1330.7,1330.4,1330.7,8292
1786345920,1330.7,1330.7,1328.8,1328.8,23371
1786345980,1328.8,1329.0,1328.3,1328.6,11755
1786346040,1328.5,1328.9,1327.7,1327.7,12289
1786346100,1327.7,1327.8,1326.6,1326.9,24594
1786346160,1326.9,1327.4,1326.9,1327.0,11558
1786346220,1327.1,1327.7,1326.8,1327.1,46056
1786346280,1327.1,1327.7,1327.0,1327.1,7838
1786346340,1327.2,1327.5,1326.9,1326.9,10889
1786346400,1326.9,1327.8,1326.9,1327.8,50871
1786346460,1327.5,1327.9,1326.8,1327.6,24652
1786346520,1327.0,1327.4,1326.8,1327.2,8378
1786346580,1327.1,1327.2,1326.0,1326.6,40514
1786346640,1326.3,1326.8,1326.3,1326.7,7163
1786346700,1326.7,1326.9,1326.3,1326.8,20811
1786346760,1326.7,1327.0,1326.4,1326.7,6488
1786346820,1326.6,1326.7,1326.5,1326.5,6768
1786346880,1326.5,1326.6,1326.0,1326.5,18176
1786346940,1326.4,1326.5,1325.9,1325.9,24096
1786347000,1326.1,1327.0,1325.8,1327.0,30879
1786347060,1326.3,1326.3,1324.6,1325.3,42305
1786347120,1325.5,1325.9,1325.1,1325.5,22295
1786347180,1325.3,1325.8,1325.0,1325.4,36256
1786347240,1325.4,1325.8,1325.1,1325.4,14076
1786347300,1325.1,1326.0,1325.1,1325.9,18377
1786347360,1325.9,1326.3,1325.1,1326.3,21387
1786347420,1326.2,1326.2,1325.0,1325.5,17051
1786347480,1325.2,1325.5,1325.1,1325.1,8282
1786347540,1325.1,1325.4,1324.8,1324.8,10341
1786347600,1325.0,1325.6,1325.0,1325.3,13772
1786347660,1325.3,1325.3,1325.1,1325.2,6026
1786347720,1325.2,1325.3,1324.9,1325.1,11358
1786347780,1324.9,1325.3,1324.8,1325.3,20727
1786347840,1325.1,1325.3,1324.6,1324.9,15911
1786347900,1324.9,1325.3,1324.6,1325.0,24017
1786347960,1325.0,1325.3,1324.8,1325.0,12828
1786348020,1325.0,1325.4,1323.5,1323.8,21095
1786348080,1323.8,1324.4,1323.4,1324.1,18289
1786348140,1323.9,1325.0,1323.9,1324.3,8078
1786348200,1324.5,1324.8,1324.2,1324.7,17220
1786348260,1324.8,1325.0,1324.5,1324.8,9079
1786348320,1324.5,1324.9,1324.5,1324.9,11929
1786348380,1324.9,1325.7,1324.9,1325.7,9305
1786348440,1325.4,1325.8,1324.7,1324.7,24280
1786348500,1324.7,1325.7,1324.7,1325.3,13775
1786348560,1325.5,1326.0,1325.3,1325.6,13630
1786348620,1325.7,1325.9,1325.1,1325.2,14849
1786348680,1325.4,1326.0,1325.2,1325.5,11215
1786348740,1325.8,1326.0,1325.0,1325.3,54085
1786348800,1325.5,1325.8,1324.8,1325.0,16464
1786348860,1325.0,1325.6,1324.8,1325.3,11051
1786348920,1325.4,1325.7,1325.0,1325.7,16143
1786348980,1325.8,1326.2,1325.4,1325.8,16274
1786349040,1325.9,1326.8,1325.9,1326.7,33516
1786349100,1326.7,1327.0,1326.4,1326.6,24105
1786349160,1326.8,1326.8,1325.6,1326.4,25125
1786349220,1326.3,1326.7,1325.7,1326.4,9719
1786349280,1326.5,1326.5,1325.8,1325.8,17644
1786349340,1325.8,1326.0,1325.7,1325.9,8398
1786349400,1326.1,1326.1,1325.8,1326.1,11053
1786349460,1325.9,1326.1,1325.8,1325.9,11409
1786349520,1325.9,1326.2,1325.7,1326.2,12234
1786349580,1325.9,1326.4,1325.7,1325.9,11944
1786349640,1326.3,1326.3,1325.8,1326.3,9243
1786349700,1326.3,1326.6,1326.0,1326.5,8746
1786349760,1326.5,1326.7,1326.0,1326.6,30799
1786349820,1326.3,1326.5,1325.6,1326.1,14503
1786349880,1325.5,1326.2,1325.5,1326.1,14862
1786349940,1325.9,1326.8,1325.7,1326.5,19433
1786350000,1325.8,1326.5,1325.6,1326.2,30321
1786350060,1326.0,1326.6,1325.6,1326.5,19681
1786350120,1326.7,1326.9,1326.3,1326.6,48266
1786350180,1326.6,1327.7,1326.6,1327.3,47523
1786350240,1327.4,1327.7,1327.0,1327.0,13318
1786350300,1327.3,1327.3,1325.5,1326.1,30708
1786350360,1326.1,1326.1,1325.1,1325.1,22234
1786350420,1325.3,1325.5,1324.8,1324.8,8414
1786350480,1325.0,1325.0,1324.8,1325.0,9391
1786350540,1325.1,1325.4,1324.8,1325.3,25737
1786350600,1325.0,1325.3,1325.0,1325.1,12657
1786350660,1325.2,1325.6,1325.0,1325.6,16848
1786350720,1325.1,1325.5,1325.1,1325.1,6546
1786350780,1325.1,1325.2,1324.8,1325.1,17993
1786350840,1325.2,1325.2,1324.8,1325.1,20286
1786350900,1325.2,1326.1,1325.1,1326.1,22910
1786350960,1326.1,1326.2,1326.0,1326.0,11347
1786351020,1326.1,1326.4,1326.1,1326.3,8281
1786351080,1326.6,1326.6,1326.3,1326.6,17021
1786351140,1326.3,1326.6,1326.2,1326.4,7730
1786351200,1326.4,1326.4,1326.0,1326.3,14691
1786351260,1326.3,1326.4,1326.2,1326.3,8295
1786351320,1326.3,1326.3,1326.0,1326.3,18025
1786351380,1326.3,1326.3,1326.0,1326.2,9762
1786351440,1326.0,1326.2,1326.0,1326.0,16233
1786351500,1326.0,1326.2,1325.9,1325.9,19893
1786351560,1326.0,1326.1,1326.0,1326.0,10563
1786351620,1326.0,1326.1,1325.1,1325.4,35845
1786351680,1325.4,1325.8,1324.8,1325.7,48070
1786351740,1325.5,1325.7,1324.8,1325.0,24655
1786351800,1324.9,1326.0,1324.7,1325.7,36005
1786351860,1325.9,1326.0,1325.6,1325.6,15688
1786351920,1325.9,1326.1,1325.7,1325.9,20572
1786351980,1325.7,1326.3,1325.2,1326.3,45683
1786352040,1326.0,1326.4,1325.6,1325.8,20937
1786352100,1325.8,1326.3,1325.8,1326.3,22388
1786352160,1326.3,1326.5,1325.8,1326.3,90707
1786352220,1326.3,1326.7,1326.1,1326.5,36482
1786352280,1326.4,1326.5,1325.9,1326.2,13333
1786352340,1326.0,1327.5,1325.9,1326.7,40562
1786352400,1326.3,1326.5,1326.2,1326.2,10626
1786352460,1326.3,1326.3,1325.9,1326.0,17781
1786352520,1325.9,1326.4,1325.9,1326.2,32492
1786352580,1326.4,1326.5,1326.1,1326.1,18727
1786352640,1326.1,1326.3,1325.9,1326.3,23242
1786352700,1326.2,1326.6,1325.7,1326.3,43318
1786352760,1326.3,1326.6,1325.8,1326.1,19988
1786352820,1325.9,1326.5,1325.8,1326.2,63969
1786352880,1326.2,1327.0,1326.2,1326.5,52606
1786352940,1326.6,1327.1,1326.2,1326.5,30386
1786353000,1326.7,1326.7,1326.2,1326.7,17326
1786353060,1326.3,1326.6,1326.3,1326.5,20714
1786353120,1326.4,1326.5,1326.2,1326.3,26319
1786353180,1326.0,1326.4,1325.8,1326.1,37389
1786353240,1326.1,1327.0,1326.0,1326.6,65940
1786353300,1326.3,1326.5,1326.0,1326.3,12921
1786353360,1326.0,1327.0,1326.0,1327.0,36403
1786353420,1327.0,1327.0,1325.6,1325.8,52488
1786353480,1326.0,1326.3,1325.3,1325.7,23093
1786353540,1325.5,1325.9,1324.8,1325.3,60267
1786353600,1325.5,1325.6,1325.2,1325.3,12142
1786353660,1325.5,1325.6,1325.2,1325.5,13108
1786353720,1325.6,1325.8,1325.2,1325.5,66386
1786353780,1325.7,1326.1,1325.5,1325.5,24208
1786353840,1325.5,1325.9,1325.5,1325.5,14810
1786353900,1325.5,1325.7,1325.5,1325.7,15685
1786353960,1325.7,1326.2,1325.7,1326.0,22267
1786354020,1325.7,1326.0,1325.6,1325.6,28326
1786354080,1326.0,1326.1,1325.9,1326.0,21366
1786354140,1326.2,1326.3,1325.7,1326.3,16254
1786354200,1326.1,1326.1,1325.5,1326.0,69684
1786354260,1326.1,1326.1,1325.7,1325.8,22859
1786354320,1325.8,1325.8,1325.5,1325.6,27541
1786354380,1325.6,1326.6,1325.6,1326.5,30613
1786354440,1326.5,1326.6,1326.0,1326.3,38187
1786354500,1326.3,1327.1,1326.2,1326.9,57466
1786354560,1327.1,1327.5,1327.1,1327.4,61646
1786354620,1327.5,1327.5,1326.0,1326.1,29774
1786354680,1326.1,1326.1,1325.9,1325.9,29811
1786354740,1325.9,1326.4,1325.8,1326.3,35349
1786354800,1326.1,1326.1,1325.6,1325.6,73138
1786354860,1326.0,1326.3,1325.7,1326.0,37624
1786354920,1326.1,1326.1,1325.7,1325.7,53039
1786354980,1325.7,1326.3,1325.7,1326.0,55240
1786355040,1326.4,1327.0,1326.0,1326.6,44651
1786355100,1324.0,1324.0,1324.0,1324.0,212
1786419900,1327.0,1327.0,1318.2,1321.4,173294
1786419960,1320.9,1321.0,1318.9,1319.9,62693
1786420020,1319.0,1319.0,1316.3,1316.3,74549
1786420080,1316.8,1316.8,1315.4,1316.3,46718
1786420140,1316.7,1316.7,1315.6,1316.0,21715
1786420200,1315.8,1315.8,1314.1,1315.5,55356
1786420260,1315.1,1317.0,1315.1,1316.9,33065
1786420320,1316.7,1316.8,1316.0,1316.8,16521
1786420380,1316.7,1317.2,1316.7,1317.2,28910
1786420440,1317.3,1319.7,1317.3,1319.7,19989
1786420500,1319.9,1319.9,1319.0,1319.4,31446
1786420560,1318.7,1318.7,1318.6,1318.6,10759
1786420620,1318.7,1319.0,1318.5,1318.8,10751
1786420680,1318.8,1319.5,1318.8,1319.2,10482
1786420740,1318.4,1319.2,1318.4,1319.2,12351
1786420800,1319.0,1319.2,1318.6,1318.6,14595
1786420860,1319.1,1319.1,1318.6,1318.9,8436
1786420920,1319.0,1319.2,1318.5,1319.2,11114
1786420980,1319.2,1319.3,1319.1,1319.1,6398
1786421040,1319.1,1319.1,1318.8,1318.8,7552
1786421100,1319.1,1319.1,1318.8,1318.9,5886
1786421160,1318.8,1318.9,1318.6,1318.8,10707
1786421220,1318.9,1319.0,1318.5,1318.5,14103
1786421280,1318.5,1318.5,1317.9,1318.0,21579
1786421340,1318.2,1318.2,1317.6,1317.7,15250
1786421400,1318.1,1318.1,1317.4,1318.0,33417
1786421460,1317.5,1318.0,1317.4,1317.6,6163
1786421520,1318.0,1318.3,1317.7,1317.7,25199
1786421580,1318.0,1318.0,1317.5,1317.5,6009
1786421640,1317.6,1317.9,1317.6,1317.9,12238
1786421700,1318.0,1318.1,1317.8,1318.1,9950
1786421760,1318.1,1318.1,1317.5,1317.7,9510
1786421820,1318.0,1318.0,1317.5,1317.5,21431
1786421880,1317.5,1317.7,1317.2,1317.2,8992
1786421940,1317.5,1318.2,1317.5,1318.2,14139
1786422000,1318.0,1318.2,1317.7,1318.1,6270
1786422060,1318.2,1318.2,1317.8,1318.0,5147
1786422120,1318.0,1318.4,1317.8,1318.4,11978
1786422180,1318.3,1318.4,1317.9,1318.0,6130
1786422240,1318.0,1318.3,1317.6,1317.6,14710
1786422300,1317.7,1318.1,1317.5,1317.8,14373
1786422360,1317.8,1318.4,1317.8,1318.4,8998
1786422420,1318.0,1318.0,1317.5,1317.7,11306
1786422480,1318.0,1318.0,1317.5,1317.6,7673
1786422540,1317.8,1318.4,1317.6,1318.4,42235
1786422600,1318.3,1318.5,1318.2,1318.4,5860
1786422660,1318.4,1318.6,1318.4,1318.6,9352
1786422720,1318.5,1318.7,1318.5,1318.7,6506
1786422780,1318.7,1320.0,1318.7,1319.6,30483
1786422840,1319.3,1319.8,1319.3,1319.7,5537
1786422900,1319.5,1319.8,1319.5,1319.5,5955
1786422960,1319.6,1319.6,1319.3,1319.4,15182
1786423020,1319.3,1319.4,1319.3,1319.4,7946
1786423080,1319.3,1319.5,1319.3,1319.3,9788
1786423140,1319.3,1319.5,1319.3,1319.3,7084
1786423200,1319.3,1319.3,1319.0,1319.0,6148
1786423260,1318.7,1318.9,1318.7,1318.8,6633
1786423320,1318.8,1319.0,1318.8,1318.9,6649
1786423380,1318.9,1318.9,1318.8,1318.9,4395
1786423440,1318.9,1318.9,1318.6,1318.8,6615
1786423500,1318.9,1318.9,1318.4,1318.6,10400
1786423560,1318.6,1318.9,1318.3,1318.9,11114
1786423620,1318.9,1319.5,1318.8,1319.5,12434
1786423680,1319.4,1319.5,1319.1,1319.5,4685
1786423740,1319.2,1319.5,1319.0,1319.0,4118
1786423800,1319.3,1319.3,1319.2,1319.3,2865
1786423860,1319.3,1319.3,1318.9,1319.3,4053
1786423920,1319.2,1322.0,1319.2,1322.0,33975
1786423980,1321.7,1321.9,1321.6,1321.7,10058
1786424040,1321.8,1322.7,1321.6,1322.5,28233
1786424100,1322.8,1324.3,1322.8,1324.0,44942
1786424160,1324.0,1324.2,1322.8,1323.3,15490
1786424220,1323.3,1323.3,1322.9,1323.2,10746
1786424280,1323.0,1323.2,1323.0,1323.2,7404
1786424340,1323.0,1323.3,1322.8,1323.2,12959
1786424400,1323.0,1323.0,1321.9,1321.9,9428
1786424460,1321.9,1322.4,1321.6,1321.6,72826
1786424520,1322.0,1322.0,1321.4,1321.5,14289
1786424580,1321.5,1322.0,1321.4,1321.8,9334
1786424640,1321.6,1321.8,1321.6,1321.7,5350
1786424700,1321.7,1321.7,1321.1,1321.1,5153
1786424760,1320.9,1321.2,1320.8,1321.2,6435
1786424820,1321.0,1321.6,1321.0,1321.4,7988
1786424880,1321.7,1321.7,1321.2,1321.3,4684
1786424940,1321.5,1321.5,1321.3,1321.4,5407
1786425000,1321.4,1321.6,1321.3,1321.3,2598
1786425060,1321.4,1321.9,1321.0,1321.9,17391
1786425120,1321.5,1321.6,1321.3,1321.5,2291
1786425180,1321.2,1321.4,1321.0,1321.1,5472
1786425240,1321.5,1321.5,1320.3,1320.6,34401
1786425300,1320.9,1321.2,1320.6,1320.7,4970
1786425360,1320.8,1321.2,1320.4,1321.2,6545
1786425420,1321.1,1321.3,1320.7,1320.8,6314
1786425480,1320.7,1321.1,1320.7,1320.7,3790
1786425540,1320.7,1321.6,1320.7,1321.6,8600
1786425600,1321.6,1322.2,1321.6,1322.0,12719
1786425660,1322.0,1322.4,1322.0,1322.4,8467
1786425720,1321.7,1322.3,1321.7,1321.8,11549
1786425780,1321.8,1322.1,1321.8,1322.1,3786
1786425840,1321.8,1322.2,1321.6,1322.1,6638
1786425900,1322.1,1322.3,1322.1,1322.2,5484
1786425960,1322.3,1322.3,1321.8,1321.8,3529
1786426020,1321.9,1322.3,1321.8,1322.1,9060
1786426080,1322.0,1322.5,1321.8,1322.4,5941
1786426140,1322.0,1322.4,1321.0,1321.0,9043
1786426200,1321.2,1321.2,1320.6,1320.8,11126
1786426260,1321.1,1321.2,1320.2,1320.2,21241
1786426320,1320.2,1320.4,1319.6,1319.7,28125
1786426380,1319.9,1320.0,1319.1,1319.4,9923
1786426440,1319.4,1319.4,1318.8,1318.9,9366
1786426500,1318.9,1319.3,1318.9,1319.2,6097
1786426560,1319.2,1320.0,1319.2,1320.0,31519
1786426620,1320.0,1320.1,1319.6,1319.8,10823
1786426680,1319.7,1319.7,1319.0,1319.2,7620
1786426740,1319.0,1319.3,1319.0,1319.3,5052
1786426800,1319.0,1319.4,1319.0,1319.0,7720
1786426860,1319.2,1319.3,1319.1,1319.3,5671
1786426920,1319.1,1319.3,1319.0,1319.1,4865
1786426980,1319.2,1320.0,1319.1,1320.0,11751
1786427040,1320.0,1320.4,1320.0,1320.4,14904
1786427100,1320.5,1320.5,1319.8,1320.2,44520
1786427160,1320.5,1320.9,1320.0,1320.4,30963
1786427220,1320.0,1320.0,1319.6,1319.8,6300
1786427280,1319.2,1319.5,1319.0,1319.2,4313
1786427340,1319.3,1319.4,1319.1,1319.2,4727
1786427400,1319.4,1319.5,1319.1,1319.5,10862
1786427460,1319.8,1319.8,1319.5,1319.5,11278
1786427520,1319.8,1319.8,1319.2,1319.5,7465
1786427580,1319.1,1319.6,1319.1,1319.5,4890
1786427640,1319.1,1319.4,1319.0,1319.1,20022
1786427700,1319.0,1319.1,1319.0,1319.0,7366
1786427760,1319.1,1319.1,1319.0,1319.0,13871
1786427820,1319.0,1319.7,1319.0,1319.6,15456
1786427880,1319.5,1319.8,1319.3,1319.7,9877
1786427940,1319.6,1319.8,1319.4,1319.5,3071
1786428000,1319.5,1319.5,1319.3,1319.4,6306
1786428060,1319.5,1319.7,1319.4,1319.6,5593
1786428120,1319.6,1319.7,1319.3,1319.5,3989
1786428180,1319.3,1319.6,1319.3,1319.5,14915
1786428240,1319.5,1319.7,1319.3,1319.7,4653
1786428300,1319.3,1320.2,1319.0,1320.2,31060
1786428360,1320.0,1320.1,1319.2,1319.6,8030
1786428420,1319.2,1319.6,1319.0,1319.2,4675
1786428480,1319.2,1319.2,1319.0,1319.2,7488
1786428540,1319.2,1319.2,1319.0,1319.0,2728
1786428600,1319.3,1319.5,1319.3,1319.5,8272
1786428660,1319.5,1319.5,1319.0,1319.2,3751
1786428720,1319.2,1319.2,1319.0,1319.1,17470
1786428780,1319.3,1319.4,1319.1,1319.4,2336
1786428840,1319.1,1319.2,1318.8,1319.2,5249
1786428900,1319.1,1320.0,1319.1,1320.0,36895
1786428960,1320.0,1320.1,1320.0,1320.1,5502
1786429020,1320.1,1320.2,1320.0,1320.0,3961
1786429080,1320.0,1320.1,1320.0,1320.0,4373
1786429140,1320.0,1320.1,1319.9,1320.0,9759
1786429200,1320.0,1320.1,1319.9,1320.0,12108
1786429260,1320.1,1320.1,1319.9,1319.9,11821
1786429320,1320.0,1320.1,1319.9,1320.0,8457
1786429380,1320.0,1320.1,1320.0,1320.0,9983
1786429440,1319.8,1319.9,1319.3,1319.7,28282
1786429500,1319.5,1319.5,1319.0,1319.2,7576
1786429560,1319.5,1319.6,1319.1,1319.5,27738
1786429620,1319.6,1319.6,1318.8,1319.0,7419
1786429680,1319.0,1319.4,1318.8,1319.3,9421
1786429740,1319.3,1320.1,1319.2,1320.0,11533
1786429800,1320.0,1320.0,1319.6,1320.0,38493
1786429860,1319.6,1319.6,1319.0,1319.3,3728
1786429920,1319.0,1319.3,1318.9,1319.0,4039
1786429980,1319.1,1319.1,1318.1,1318.5,9814
1786430040,1318.0,1318.2,1318.0,1318.1,6551
1786430100,1318.2,1318.5,1318.2,1318.5,10579
1786430160,1318.3,1318.6,1318.3,1318.5,8954
1786430220,1318.8,1319.0,1318.8,1318.9,9061
1786430280,1318.9,1318.9,1318.3,1318.8,7763
1786430340,1318.7,1318.9,1318.7,1318.8,2869
1786430400,1318.8,1318.9,1318.8,1318.9,4794
1786430460,1318.9,1319.0,1318.8,1318.9,12655
1786430520,1318.9,1319.9,1318.7,1319.9,46525
1786430580,1319.1,1319.6,1319.1,1319.5,24325
1786430640,1319.5,1319.6,1319.3,1319.5,27067
1786430700,1319.9,1320.1,1319.2,1320.1,27330
1786430760,1320.3,1320.3,1320.1,1320.2,24708
1786430820,1320.2,1320.6,1319.9,1319.9,54075
1786430880,1320.2,1320.4,1319.8,1320.4,7878
1786430940,1320.4,1320.6,1320.0,1320.3,9144
1786431000,1320.3,1320.6,1320.2,1320.2,3352
1786431060,1320.2,1321.6,1320.2,1321.6,14796
1786431120,1321.5,1321.5,1321.2,1321.5,10423
1786431180,1321.2,1321.6,1321.2,1321.6,7211
1786431240,1321.5,1322.3,1321.0,1321.0,93082
1786431300,1321.2,1322.0,1321.1,1321.2,43316
1786431360,1321.1,1321.8,1321.1,1321.3,7110
1786431420,1321.4,1321.7,1321.0,1321.5,16597
1786431480,1321.5,1321.5,1321.0,1321.0,3164
1786431540,1320.7,1320.9,1320.5,1320.7,3781
1786431600,1320.6,1321.5,1320.6,1321.5,6730
1786431660,1321.2,1321.6,1321.2,1321.2,2321
1786431720,1321.2,1321.7,1321.0,1321.7,12447
1786431780,1321.3,1321.8,1321.2,1321.2,1829
1786431840,1321.6,1321.6,1321.2,1321.3,2237
1786431900,1321.3,1321.3,1321.2,1321.3,6283
1786431960,1321.2,1321.9,1321.2,1321.8,14672
1786432020,1321.8,1321.9,1321.4,1321.8,4955
1786432080,1321.6,1321.6,1321.2,1321.4,5456
1786432140,1321.2,1321.3,1321.2,1321.3,4219
1786432200,1321.2,1321.3,1321.2,1321.3,5159
1786432260,1321.8,1321.8,1321.5,1321.6,13257
1786432320,1321.5,1321.9,1321.0,1321.8,100494
1786432380,1322.0,1322.3,1321.5,1321.8,51274
1786432440,1321.8,1321.9,1321.4,1321.8,2601
1786432500,1321.8,1321.8,1321.5,1321.6,6768
1786432560,1321.6,1322.2,1321.5,1322.0,6896
1786432620,1322.0,1322.2,1321.9,1322.1,9271
1786432680,1322.1,1322.2,1321.8,1321.8,6184
1786432740,1322.0,1322.7,1321.9,1322.7,16563
1786432800,1322.3,1322.9,1322.3,1322.9,11464
1786432860,1322.5,1322.9,1322.5,1322.8,5297
1786432920,1322.8,1323.7,1322.7,1323.5,20584
1786432980,1323.3,1323.4,1323.0,1323.1,2361
1786433040,1322.9,1323.3,1322.9,1322.9,11860
1786433100,1322.9,1323.5,1322.9,1323.1,10004
1786433160,1323.1,1323.6,1323.0,1323.6,6650
1786433220,1323.3,1323.6,1323.0,1323.2,12721
1786433280,1323.0,1323.4,1323.0,1323.3,23099
1786433340,1323.2,1323.3,1323.0,1323.0,13807
1786433400,1323.0,1323.1,1322.9,1322.9,28348
1786433460,1322.9,1323.1,1322.5,1322.6,26698
1786433520,1323.1,1323.1,1322.6,1322.9,9610
1786433580,1323.0,1323.3,1322.8,1323.3,6696
1786433640,1323.1,1323.4,1322.7,1323.2,8848
1786433700,1322.9,1323.8,1322.6,1323.6,165051
1786433760,1324.0,1324.9,1324.0,1324.2,145975
1786433820,1324.1,1324.2,1324.0,1324.2,9906
1786433880,1324.0,1324.2,1324.0,1324.0,23970
1786433940,1324.0,1324.2,1324.0,1324.2,8457
1786434000,1324.0,1324.2,1324.0,1324.0,14360
1786434060,1324.1,1324.1,1323.8,1324.1,20604
1786434120,1324.0,1324.1,1324.0,1324.1,4486
1786434180,1324.0,1324.1,1324.0,1324.1,7250
1786434240,1324.0,1324.2,1324.0,1324.0,11843
1786434300,1324.0,1324.1,1323.6,1324.0,28616
1786434360,1324.1,1324.1,1324.0,1324.0,12968
1786434420,1324.0,1324.1,1323.8,1323.9,13663
1786434480,1324.0,1325.8,1324.0,1325.1,55227
1786434540,1325.5,1325.9,1325.0,1325.9,48762
1786434600,1325.8,1326.4,1325.7,1326.0,98148
1786434660,1326.0,1326.2,1326.0,1326.0,12396
1786434720,1326.0,1326.2,1326.0,1326.1,6846
1786434780,1326.1,1326.2,1324.5,1325.1,23165
1786434840,1324.7,1325.3,1324.4,1325.2,15403
1786434900,1325.3,1325.8,1325.2,1325.7,14833
1786434960,1325.8,1326.9,1325.5,1326.8,41880
1786435020,1326.7,1328.7,1326.3,1328.4,178288
1786435080,1328.4,1328.4,1323.7,1324.3,72885
1786435140,1324.4,1324.5,1324.2,1324.5,12467
1786435200,1324.6,1324.8,1324.1,1324.2,13278
1786435260,1324.1,1324.2,1323.0,1323.2,25021
1786435320,1323.2,1323.6,1323.0,1323.4,15939
1786435380,1323.5,1324.5,1323.2,1324.3,14998
1786435440,1324.5,1324.5,1323.5,1323.5,15328
1786435500,1323.8,1323.8,1323.2,1323.2,5426
1786435560,1323.3,1323.3,1322.9,1323.3,31464
1786435620,1323.3,1323.3,1322.5,1322.8,8109
1786435680,1323.0,1323.0,1322.8,1323.0,20372
1786435740,1322.7,1323.2,1322.5,1323.2,31254
1786435800,1323.2,1324.0,1323.1,1323.5,22637
1786435860,1323.5,1324.3,1323.4,1323.4,27193
1786435920,1323.4,1323.6,1323.1,1323.1,12098
1786435980,1323.5,1324.8,1323.2,1324.6,40716
1786436040,1324.6,1324.8,1323.3,1323.9,18402
1786436100,1323.9,1324.1,1323.5,1324.1,7015
1786436160,1324.1,1325.2,1323.6,1325.2,31525
1786436220,1324.6,1325.7,1324.3,1324.8,65961
1786436280,1324.6,1325.9,1324.6,1324.7,61132
1786436340,1324.8,1324.9,1323.5,1324.0,12074
1786436400,1323.9,1324.2,1323.5,1324.0,19281
1786436460,1324.0,1324.2,1323.7,1324.1,10554
1786436520,1323.9,1324.2,1322.9,1323.8,82803
1786436580,1323.8,1323.8,1323.2,1323.7,31178
1786436640,1323.7,1323.7,1323.2,1323.5,38610
1786436700,1323.5,1323.5,1322.0,1323.2,91642
1786436760,1323.4,1323.6,1323.0,1323.0,6859
1786436820,1323.1,1323.1,1322.1,1322.4,76021
1786436880,1322.6,1322.6,1322.1,1322.4,14627
1786436940,1322.5,1322.6,1321.6,1321.9,98659
1786437000,1322.5,1322.7,1322.0,1322.7,18290
1786437060,1322.8,1322.8,1322.0,1322.2,7218
1786437120,1322.2,1322.4,1321.7,1322.1,93251
1786437180,1322.0,1323.3,1322.0,1323.3,46681
1786437240,1323.3,1323.4,1323.0,1323.0,10014
1786437300,1323.4,1323.4,1323.0,1323.2,78272
1786437360,1323.2,1323.8,1323.0,1323.6,131846
1786437420,1323.7,1324.3,1323.4,1324.2,85309
1786437480,1324.4,1324.5,1324.0,1324.0,40352
1786437540,1324.1,1324.3,1324.0,1324.1,4579
1786437600,1324.3,1324.3,1322.6,1323.5,74164
1786437660,1323.6,1323.8,1323.5,1323.5,23032
1786437720,1323.5,1323.7,1323.5,1323.6,11567
1786437780,1323.6,1324.1,1323.0,1324.1,15156
1786437840,1324.2,1324.4,1323.7,1324.0,28478
1786437900,1324.0,1324.1,1323.7,1324.0,21067
1786437960,1324.0,1324.1,1323.5,1324.0,16951
1786438020,1324.0,1324.6,1324.0,1324.4,62593
1786438080,1323.6,1323.6,1323.0,1323.4,15945
1786438140,1323.3,1323.4,1322.0,1322.2,30258
1786438200,1322.0,1322.5,1322.0,1322.0,23580
1786438260,1322.4,1323.1,1322.0,1322.6,40305
1786438320,1322.6,1322.9,1322.0,1322.0,5266
1786438380,1322.4,1323.7,1322.2,1323.6,45029
1786438440,1323.4,1324.3,1323.0,1324.2,99716
1786438500,1324.2,1324.2,1323.5,1323.7,6375
1786438560,1323.9,1323.9,1323.1,1323.5,12206
1786438620,1324.5,1326.3,1324.5,1325.0,261757
1786438680,1325.0,1325.3,1324.5,1325.1,107098
1786438740,1325.1,1325.2,1323.7,1324.0,50406
1786438800,1324.0,1324.7,1323.8,1324.3,19097
1786438860,1324.5,1324.9,1323.9,1324.0,59545
1786438920,1324.2,1324.3,1323.5,1323.5,36667
1786438980,1323.9,1324.1,1323.4,1323.9,71579
1786439040,1323.7,1324.0,1323.5,1323.8,19881
1786439100,1323.8,1323.8,1323.5,1323.8,7946
1786439160,1323.8,1323.8,1323.5,1323.7,7507
1786439220,1323.7,1323.7,1323.0,1323.0,6114
1786439280,1323.1,1324.1,1323.1,1324.1,24969
1786439340,1324.1,1324.1,1323.2,1323.6,44200
1786439400,1324.0,1324.0,1323.5,1323.5,3607
1786439460,1323.5,1323.9,1323.5,1323.6,12592
1786439520,1323.6,1323.6,1323.5,1323.5,4202
1786439580,1323.6,1323.6,1323.5,1323.6,5628
1786439640,1323.6,1323.7,1323.5,1323.7,10617
1786439700,1323.6,1324.2,1323.5,1324.0,50947
1786439760,1324.0,1324.0,1323.6,1323.6,3333
1786439820,1323.5,1324.4,1323.5,1324.1,24386
1786439880,1323.8,1323.9,1323.2,1323.5,15916
1786439940,1323.7,1323.7,1323.3,1323.5,3284
1786440000,1323.7,1323.7,1323.5,1323.5,5176
1786440060,1323.5,1323.8,1323.5,1323.7,14330
1786440120,1324.2,1324.2,1323.5,1323.6,32933
1786440180,1323.6,1324.2,1323.6,1323.6,8387
1786440240,1323.6,1324.0,1323.6,1323.8,9431
1786440300,1323.7,1323.8,1323.6,1323.6,8420
1786440360,1323.7,1323.8,1323.6,1323.7,13659
1786440420,1323.8,1323.8,1323.3,1323.4,23634
1786440480,1324.0,1324.0,1323.7,1323.7,10306
1786440540,1323.8,1323.8,1322.9,1323.3,59880
1786440600,1323.7,1323.9,1323.3,1323.9,29533
1786440660,1323.8,1323.8,1323.3,1323.5,26881
1786440720,1323.6,1323.7,1323.3,1323.4,33590
1786440780,1323.7,1323.7,1322.7,1323.1,68234
1786440840,1323.1,1325.0,1322.9,1324.7,132320
1786440900,1324.9,1325.4,1322.5,1322.5,249150
1786440960,1322.9,1322.9,1320.6,1321.0,67280
1786441020,1321.2,1322.0,1320.7,1321.2,83921
1786441080,1321.0,1322.0,1320.9,1322.0,124041
1786441140,1321.6,1322.4,1321.6,1321.6,52479
1786441200,1322.1,1322.1,1320.6,1320.6,75629
1786441260,1320.4,1321.3,1319.6,1321.3,134061
1786441320,1321.7,1321.7,1320.5,1320.8,65033
1786441380,1320.8,1323.0,1320.8,1321.7,36102
1786441440,1321.0,1321.2,1319.6,1320.6,28771
1786441500,1320.6,1320.6,1320.6,1320.6,21
1786506300,1322.6,1326.0,1320.0,1320.7,142084
1786506360,1321.5,1321.5,1318.1,1318.5,81389
1786506420,1318.0,1318.3,1316.2,1316.3,181190
1786506480,1316.6,1318.6,1316.1,1318.5,61037
1786506540,1318.5,1319.6,1317.0,1319.6,40256
1786506600,1318.5,1318.5,1317.6,1318.5,27699
1786506660,1318.5,1318.5,1317.6,1317.6,22232
1786506720,1317.1,1318.0,1317.1,1317.8,18267
1786506780,1317.8,1317.9,1316.0,1316.4,36150
1786506840,1316.7,1317.2,1316.7,1316.8,18919
1786506900,1316.8,1317.8,1316.8,1317.8,24446
1786506960,1317.8,1318.4,1317.5,1318.4,40821
1786507020,1318.8,1319.4,1318.2,1319.4,17503
1786507080,1319.5,1320.4,1319.0,1319.1,73619
1786507140,1319.4,1319.6,1319.2,1319.5,36622
1786507200,1319.6,1319.6,1317.5,1317.5,18629
1786507260,1317.9,1317.9,1315.2,1315.3,59217
1786507320,1315.4,1316.3,1315.3,1315.8,20287
1786507380,1316.0,1316.5,1315.8,1316.5,10478
1786507440,1316.3,1317.3,1316.3,1317.0,14732
1786507500,1317.2,1317.2,1316.9,1316.9,7360
1786507560,1316.7,1317.0,1316.3,1316.8,15892
1786507620,1317.0,1317.0,1316.4,1316.6,12492
1786507680,1316.6,1316.6,1316.2,1316.3,37103
1786507740,1316.6,1316.6,1316.3,1316.3,18178
1786507800,1316.3,1316.5,1316.0,1316.4,22859
1786507860,1316.6,1316.6,1316.4,1316.6,5368
1786507920,1316.8,1317.5,1316.8,1317.0,11763
1786507980,1317.1,1317.3,1316.8,1317.1,12400
1786508040,1317.0,1317.0,1316.7,1316.9,17474
1786508100,1316.9,1317.2,1316.8,1317.0,8527
1786508160,1317.0,1317.1,1316.0,1316.0,51679
1786508220,1316.0,1316.0,1315.6,1315.6,14792
1786508280,1315.6,1315.8,1314.6,1315.8,33622
1786508340,1315.7,1315.8,1315.4,1315.4,9685
1786508400,1315.9,1315.9,1315.0,1315.0,8878
1786508460,1315.1,1315.6,1315.0,1315.5,36852
1786508520,1315.3,1315.5,1315.3,1315.4,8293
1786508580,1315.4,1315.8,1315.3,1315.3,10165
1786508640,1315.3,1315.6,1315.0,1315.3,20172
1786508700,1315.2,1315.3,1315.0,1315.2,6347
1786508760,1315.1,1315.2,1315.0,1315.0,3611
1786508820,1315.1,1315.8,1315.0,1315.8,28059
1786508880,1315.3,1316.0,1315.3,1315.5,18501
1786508940,1315.9,1315.9,1315.4,1315.5,6409
1786509000,1315.4,1315.8,1315.4,1315.5,7979
1786509060,1315.6,1315.7,1315.0,1315.0,8949
1786509120,1315.0,1315.2,1315.0,1315.1,14089
1786509180,1315.5,1315.7,1314.0,1315.1,69621
1786509240,1315.0,1315.4,1314.7,1315.0,11223
1786509300,1315.2,1315.3,1315.0,1315.2,5446
1786509360,1315.2,1315.2,1315.1,1315.2,7792
1786509420,1315.2,1315.2,1313.1,1314.0,48157
1786509480,1314.0,1314.0,1313.1,1313.5,19962
1786509540,1313.5,1313.7,1313.2,1313.2,12451
1786509600,1313.5,1313.7,1313.0,1313.6,29306
1786509660,1313.2,1313.7,1313.2,1313.5,13030
1786509720,1313.3,1313.6,1312.0,1312.0,46588
1786509780,1311.9,1312.3,1311.1,1311.7,34628
1786509840,1311.9,1311.9,1311.1,1311.2,15185
1786509900,1311.1,1311.2,1310.1,1310.1,24494
1786509960,1310.4,1310.6,1309.2,1310.6,60300
1786510020,1310.6,1311.2,1310.5,1311.1,14771
1786510080,1311.1,1312.1,1311.0,1312.1,20155
1786510140,1312.2,1312.8,1311.8,1311.8,22003
1786510200,1312.3,1312.7,1311.7,1312.6,15811
1786510260,1312.6,1312.7,1312.2,1312.5,7246
1786510320,1312.5,1312.8,1312.4,1312.5,4716
1786510380,1312.5,1312.5,1311.8,1312.1,25510
1786510440,1312.3,1312.4,1311.8,1312.2,5099
1786510500,1312.3,1312.9,1311.9,1312.9,14714
1786510560,1312.9,1312.9,1312.5,1312.8,6967
1786510620,1312.9,1313.2,1312.8,1313.2,13844
1786510680,1313.2,1313.2,1312.8,1313.2,8480
1786510740,1313.1,1313.1,1312.5,1312.9,13290
1786510800,1313.0,1313.1,1312.6,1312.9,7693
1786510860,1312.7,1313.2,1312.7,1313.0,12053
1786510920,1313.2,1315.0,1313.2,1314.8,50695
1786510980,1314.8,1314.8,1314.0,1314.3,17642
1786511040,1314.3,1314.5,1313.7,1314.0,7426
1786511100,1314.0,1314.2,1313.2,1314.2,14473
1786511160,1314.2,1314.2,1313.6,1313.8,13578
1786511220,1313.9,1314.3,1313.8,1314.1,24866
1786511280,1314.1,1314.2,1313.7,1314.0,3799
1786511340,1313.8,1314.0,1313.7,1313.7,5402
1786511400,1313.9,1314.0,1313.7,1313.7,13172
1786511460,1314.1,1314.5,1313.3,1314.5,37613
1786511520,1314.6,1314.7,1314.0,1314.0,9182
1786511580,1314.4,1314.4,1314.0,1314.0,4101
1786511640,1314.1,1314.1,1313.6,1314.1,18237
1786511700,1314.1,1314.1,1313.1,1313.3,24809
1786511760,1313.8,1313.9,1313.0,1313.2,10487
1786511820,1313.2,1313.2,1312.6,1312.6,3890
1786511880,1312.8,1313.3,1312.6,1312.8,18600
1786511940,1313.1,1313.3,1312.6,1313.1,10149
1786512000,1313.1,1313.3,1312.5,1313.2,18923
1786512060,1313.2,1313.3,1312.5,1313.0,8917
1786512120,1313.2,1313.2,1312.5,1312.6,4631
1786512180,1312.6,1313.2,1312.6,1312.7,4580
1786512240,1312.9,1313.3,1312.4,1312.9,20676
1786512300,1313.2,1313.5,1312.9,1312.9,5811
1786512360,1313.3,1313.4,1312.8,1313.3,8747
1786512420,1313.3,1314.0,1313.3,1313.3,40348
1786512480,1313.7,1313.8,1311.7,1312.6,50384
1786512540,1312.6,1312.6,1311.7,1311.7,9691
1786512600,1311.6,1312.4,1311.6,1311.7,10349
1786512660,1312.2,1312.3,1311.7,1312.2,7646
1786512720,1311.6,1312.2,1311.6,1312.0,13443
1786512780,1312.2,1312.5,1312.0,1312.5,5331
1786512840,1312.2,1312.5,1312.2,1312.5,8974
1786512900,1312.5,1312.6,1312.0,1312.4,6287
1786512960,1312.3,1312.3,1311.7,1311.7,9690
1786513020,1311.9,1312.3,1311.4,1312.3,28744
1786513080,1312.4,1312.6,1311.8,1312.3,32324
1786513140,1312.6,1312.6,1312.2,1312.3,14723
1786513200,1312.4,1313.3,1312.4,1313.2,20289
1786513260,1313.6,1313.6,1312.9,1313.2,23232
1786513320,1313.2,1313.3,1311.7,1311.8,35879
1786513380,1311.8,1312.7,1311.8,1312.1,7781
1786513440,1312.1,1312.2,1312.0,1312.1,4142
1786513500,1312.1,1312.3,1311.9,1312.1,8645
1786513560,1312.2,1312.6,1312.0,1312.6,15690
1786513620,1312.6,1312.6,1312.0,1312.2,5315
1786513680,1312.3,1312.9,1312.3,1312.7,10533
1786513740,1312.7,1313.1,1312.3,1312.3,5986
1786513800,1312.3,1312.4,1312.3,1312.4,7890
1786513860,1312.4,1312.8,1312.1,1312.1,16506
1786513920,1312.1,1312.6,1312.1,1312.5,10895
1786513980,1312.1,1312.5,1311.7,1312.3,34602
1786514040,1312.3,1312.6,1312.0,1312.2,10660
1786514100,1311.7,1312.3,1311.5,1311.6,15373
1786514160,1311.5,1312.7,1311.5,1312.7,16911
1786514220,1312.4,1313.2,1312.0,1313.0,18018
1786514280,1313.0,1313.4,1312.5,1313.1,55395
1786514340,1313.4,1313.5,1312.7,1313.0,4815
1786514400,1312.7,1312.7,1312.0,1312.2,5830
1786514460,1312.1,1312.5,1312.0,1312.0,3500
1786514520,1312.1,1312.2,1311.8,1311.8,4334
1786514580,1312.2,1312.2,1311.7,1312.0,8222
1786514640,1312.0,1312.6,1311.8,1312.6,11736
1786514700,1312.5,1313.0,1311.9,1313.0,12444
1786514760,1313.1,1313.4,1312.8,1312.8,22466
1786514820,1312.8,1313.3,1312.8,1313.1,42329
1786514880,1312.9,1313.2,1312.8,1313.0,22194
1786514940,1312.5,1312.7,1312.2,1312.4,7271
1786515000,1312.0,1312.3,1312.0,1312.3,3730
1786515060,1312.3,1312.4,1311.8,1311.9,7242
1786515120,1312.2,1312.7,1312.1,1312.7,5031
1786515180,1312.7,1312.7,1312.1,1312.2,2106
1786515240,1313.1,1314.0,1313.1,1313.4,109633
1786515300,1313.7,1313.7,1313.1,1313.2,4636
1786515360,1313.6,1313.6,1313.2,1313.3,4014
1786515420,1313.4,1313.4,1312.4,1312.8,3549
1786515480,1312.8,1312.8,1312.0,1312.1,5421
1786515540,1312.6,1312.6,1311.9,1311.9,31463
1786515600,1311.8,1311.9,1311.7,1311.7,7602
1786515660,1311.9,1311.9,1311.6,1311.9,3352
1786515720,1311.9,1311.9,1311.6,1311.8,3494
1786515780,1311.8,1311.9,1311.6,1311.8,8690
1786515840,1311.9,1312.8,1311.7,1312.6,117718
1786515900,1312.6,1312.6,1311.4,1312.2,20653
1786515960,1312.2,1312.4,1312.0,1312.2,4380
1786516020,1312.1,1312.3,1312.0,1312.2,10588
1786516080,1311.8,1312.3,1311.4,1311.7,29041
1786516140,1311.9,1312.8,1311.6,1312.4,37625
1786516200,1312.4,1313.1,1312.0,1312.0,71114
1786516260,1312.1,1312.2,1311.7,1312.1,4815
1786516320,1312.1,1312.1,1311.6,1311.9,4042
1786516380,1311.5,1311.9,1311.5,1311.8,9388
1786516440,1311.6,1311.6,1311.1,1311.2,10589
1786516500,1311.4,1311.6,1311.2,1311.6,8582
1786516560,1311.4,1311.6,1311.4,1311.6,8719
1786516620,1311.5,1311.5,1311.2,1311.2,18746
1786516680,1311.1,1311.5,1311.1,1311.3,18954
1786516740,1311.2,1311.3,1311.0,1311.1,4194
1786516800,1311.1,1311.2,1311.1,1311.2,58983
1786516860,1311.2,1311.2,1310.6,1311.0,8006
1786516920,1311.0,1311.0,1310.8,1310.9,4005
1786516980,1310.8,1311.0,1310.6,1310.6,5889
1786517040,1310.6,1310.8,1310.5,1310.8,5305
1786517100,1310.8,1310.9,1310.6,1310.8,5107
1786517160,1310.5,1310.9,1310.5,1310.8,22686
1786517220,1310.8,1310.8,1310.5,1310.6,4253
1786517280,1310.7,1310.8,1310.4,1310.8,12306
1786517340,1310.8,1311.1,1310.8,1311.1,76582
1786517400,1311.1,1311.3,1311.0,1311.3,122076
1786517460,1311.3,1311.3,1311.0,1311.2,79420
1786517520,1311.2,1311.2,1310.8,1311.1,8921
1786517580,1311.0,1311.8,1311.0,1311.1,26615
1786517640,1311.1,1311.8,1311.0,1311.8,15369
1786517700,1311.4,1311.6,1311.2,1311.6,21797
1786517760,1311.3,1311.8,1311.3,1311.8,2882
1786517820,1311.8,1311.8,1311.4,1311.5,5253
1786517880,1311.5,1311.5,1311.4,1311.5,2524
1786517940,1311.5,1312.3,1311.4,1312.3,10264
1786518000,1312.6,1313.0,1312.4,1312.4,25618
1786518060,1312.4,1313.4,1312.4,1313.4,8663
1786518120,1312.9,1313.5,1312.9,1313.5,8439
1786518180,1313.3,1313.4,1313.0,1313.2,7946
1786518240,1313.2,1313.3,1313.0,1313.0,3143
1786518300,1313.0,1313.1,1313.0,1313.0,4537
1786518360,1312.5,1313.6,1312.5,1313.2,10489
1786518420,1313.0,1313.3,1313.0,1313.3,5763
1786518480,1313.3,1313.4,1313.2,1313.3,3104
1786518540,1313.3,1313.6,1313.1,1313.6,8524
1786518600,1313.7,1314.4,1313.7,1314.4,34734
1786518660,1314.1,1314.9,1313.7,1314.9,66021
1786518720,1314.9,1315.4,1314.3,1314.3,33249
1786518780,1314.3,1314.3,1313.2,1313.2,64972
1786518840,1313.4,1313.4,1313.0,1313.1,13334
1786518900,1313.1,1314.2,1313.1,1314.0,64683
1786518960,1313.9,1314.0,1313.4,1313.4,26179
1786519020,1313.8,1314.0,1313.6,1313.6,13746
1786519080,1313.6,1314.0,1313.3,1313.5,5856
1786519140,1313.5,1313.5,1312.7,1313.2,10604
1786519200,1313.2,1313.2,1313.0,1313.0,4760
1786519260,1313.1,1314.1,1313.1,1313.7,16610
1786519320,1313.7,1314.1,1313.7,1314.1,2599
1786519380,1314.0,1314.1,1313.7,1313.7,4153
1786519440,1314.0,1314.1,1313.3,1313.3,75225
1786519500,1313.7,1313.7,1313.1,1313.3,4175
1786519560,1313.3,1313.3,1313.0,1313.2,2477
1786519620,1313.2,1313.2,1313.0,1313.2,4535
1786519680,1313.1,1313.2,1313.1,1313.1,12351
1786519740,1313.3,1313.6,1313.1,1313.5,16752
1786519800,1313.5,1313.6,1312.9,1313.2,35489
1786519860,1313.2,1313.6,1313.0,1313.2,4070
1786519920,1313.3,1313.3,1313.0,1313.1,4307
1786519980,1313.1,1313.3,1313.0,1313.0,6323
1786520040,1313.3,1313.3,1313.0,1313.3,5307
1786520100,1313.3,1313.7,1313.0,1313.7,6962
1786520160,1313.7,1313.7,1313.3,1313.6,15402
1786520220,1313.5,1315.0,1313.5,1314.9,41711
1786520280,1314.9,1315.2,1314.7,1315.0,14119
1786520340,1315.0,1315.1,1314.7,1315.1,11645
1786520400,1315.1,1315.1,1314.9,1314.9,13586
1786520460,1314.9,1315.2,1314.9,1315.0,21740
1786520520,1315.0,1315.3,1314.8,1315.0,25033
1786520580,1315.3,1315.3,1314.7,1315.3,7266
1786520640,1315.1,1315.1,1314.7,1314.9,6366
1786520700,1314.9,1315.1,1314.7,1315.1,4649
1786520760,1315.0,1315.3,1314.7,1315.3,7473
1786520820,1315.3,1316.0,1315.0,1315.5,24642
1786520880,1315.6,1315.9,1315.2,1315.9,7861
1786520940,1315.7,1316.0,1315.6,1316.0,18141
1786521000,1316.0,1316.2,1315.1,1315.7,52287
1786521060,1316.0,1316.0,1315.2,1315.2,9258
1786521120,1315.3,1315.5,1315.1,1315.2,3867
1786521180,1315.4,1315.7,1315.1,1315.1,3297
1786521240,1315.6,1315.6,1315.1,1315.5,4498
1786521300,1315.6,1315.6,1314.8,1314.8,60306
1786521360,1315.4,1315.4,1314.2,1314.7,26007
1786521420,1314.7,1314.8,1314.6,1314.7,2968
1786521480,1314.8,1314.8,1313.7,1314.5,34559
1786521540,1314.5,1315.6,1314.0,1315.6,27700
1786521600,1315.1,1315.6,1315.1,1315.6,2564
1786521660,1315.5,1315.5,1314.7,1315.0,18758
1786521720,1315.6,1315.9,1314.6,1315.6,32870
1786521780,1315.0,1315.7,1315.0,1315.6,3703
1786521840,1315.6,1315.7,1315.2,1315.2,3020
1786521900,1315.6,1315.8,1315.2,1315.8,5013
1786521960,1315.4,1316.0,1315.4,1316.0,12982
1786522020,1315.6,1316.0,1315.1,1315.1,10964
1786522080,1315.1,1315.6,1315.0,1315.0,13608
1786522140,1315.0,1315.6,1314.9,1315.3,21969
1786522200,1315.6,1315.8,1315.4,1315.5,5720
1786522260,1315.9,1315.9,1315.3,1315.4,4583
1786522320,1315.5,1315.5,1314.9,1314.9,2508
1786522380,1314.7,1315.0,1314.5,1314.6,5403
1786522440,1315.0,1315.0,1314.4,1314.9,4310
1786522500,1314.5,1315.0,1314.3,1314.3,4649
1786522560,1314.5,1314.5,1313.9,1314.0,5096
1786522620,1313.9,1314.5,1313.9,1314.5,3285
1786522680,1314.5,1314.5,1314.1,1314.2,2578
1786522740,1314.3,1315.1,1314.3,1315.1,15357
1786522800,1315.1,1315.1,1314.5,1314.9,2806
1786522860,1314.9,1314.9,1314.5,1314.5,2819
1786522920,1315.0,1315.0,1314.5,1314.7,5442
1786522980,1314.5,1314.6,1314.0,1314.0,4566
1786523040,1314.5,1314.5,1314.0,1314.2,7199
1786523100,1314.2,1314.6,1314.0,1314.5,5927
1786523160,1314.6,1314.6,1314.2,1314.3,2367
1786523220,1314.3,1314.7,1314.3,1314.7,5137
1786523280,1314.5,1314.7,1314.2,1314.4,4822
1786523340,1314.0,1315.1,1314.0,1315.1,23054
1786523400,1314.5,1315.2,1314.1,1314.6,5090
1786523460,1314.6,1314.6,1314.1,1314.5,7319
1786523520,1314.0,1314.7,1314.0,1314.3,5411
1786523580,1314.0,1314.3,1313.7,1314.3,7037
1786523640,1313.8,1314.0,1313.8,1314.0,6952
1786523700,1314.0,1314.1,1314.0,1314.1,7554
1786523760,1314.1,1314.1,1313.7,1313.9,15208
1786523820,1314.0,1314.1,1313.9,1313.9,5138
1786523880,1314.2,1314.7,1314.2,1314.5,22392
1786523940,1314.6,1314.8,1314.0,1314.7,10183
1786524000,1314.7,1314.7,1313.9,1314.1,13042
1786524060,1314.1,1314.1,1313.6,1313.6,12948
1786524120,1314.0,1314.2,1313.6,1313.9,3874
1786524180,1313.5,1314.0,1313.3,1313.9,25142
1786524240,1313.9,1313.9,1313.3,1313.9,16288
1786524300,1313.8,1314.2,1313.3,1314.1,19819
1786524360,1314.0,1314.1,1313.7,1314.0,3506
1786524420,1313.6,1314.0,1313.6,1313.8,3761
1786524480,1314.0,1314.1,1313.8,1314.0,4462
1786524540,1313.9,1314.1,1313.9,1313.9,5526
1786524600,1314.0,1314.2,1313.4,1313.5,12996
1786524660,1313.5,1313.6,1313.0,1313.0,34366
1786524720,1313.1,1313.7,1313.1,1313.5,5967
1786524780,1313.5,1314.6,1313.5,1314.1,20199
1786524840,1314.4,1314.4,1314.1,1314.1,2331
1786524900,1314.3,1314.3,1313.5,1313.8,3564
1786524960,1313.8,1313.9,1313.6,1313.9,3064
1786525020,1313.9,1314.6,1313.6,1314.6,7544
1786525080,1314.3,1314.6,1313.9,1314.4,8465
1786525140,1313.9,1314.6,1313.9,1314.2,8002
1786525200,1314.7,1315.9,1314.4,1315.5,34725
1786525260,1315.5,1315.9,1314.7,1315.0,31137
1786525320,1315.1,1318.3,1315.1,1318.2,84785
1786525380,1318.0,1318.5,1317.7,1318.1,35474
1786525440,1318.1,1318.2,1317.5,1317.5,10582
1786525500,1317.6,1317.6,1317.2,1317.3,6823
1786525560,1317.0,1318.2,1317.0,1317.6,34143
1786525620,1318.0,1318.0,1317.4,1317.5,4758
1786525680,1317.8,1317.9,1317.5,1317.6,5536
1786525740,1317.8,1318.0,1317.5,1317.5,7379
1786525800,1317.5,1317.8,1317.5,1317.5,3375
1786525860,1317.6,1317.6,1317.2,1317.2,4636
1786525920,1317.4,1317.6,1317.1,1317.4,9044
1786525980,1317.5,1317.7,1317.1,1317.1,9855
1786526040,1317.1,1317.9,1317.1,1317.6,8000
1786526100,1318.0,1318.0,1317.6,1317.6,5746
1786526160,1317.6,1318.4,1317.5,1318.4,7857
1786526220,1318.0,1318.0,1317.3,1317.6,21080
1786526280,1317.7,1318.5,1317.6,1318.5,11062
1786526340,1318.4,1318.5,1317.3,1318.3,153850
1786526400,1318.9,1319.9,1318.7,1319.9,50758
1786526460,1319.9,1319.9,1318.3,1318.7,116002
1786526520,1318.7,1319.0,1318.4,1319.0,11309
1786526580,1319.4,1320.0,1319.1,1319.9,24057
1786526640,1319.9,1322.9,1319.7,1322.9,62104
1786526700,1322.9,1323.5,1321.4,1321.8,35971
1786526760,1321.5,1321.6,1320.5,1320.6,22835
1786526820,1320.9,1321.9,1320.6,1321.9,21471
1786526880,1322.3,1322.3,1321.3,1321.3,154413
1786526940,1321.5,1322.4,1321.2,1321.2,35861
1786527000,1321.2,1322.1,1321.2,1321.5,39649
1786527060,1321.6,1322.1,1321.5,1322.1,39354
1786527120,1321.5,1322.0,1321.5,1321.5,61072
1786527180,1321.5,1322.0,1321.3,1321.9,93071
1786527240,1321.7,1321.9,1321.5,1321.6,28964
1786527300,1321.5,1321.6,1319.9,1319.9,116028
1786527360,1320.0,1320.4,1319.6,1320.0,24881
1786527420,1319.7,1320.1,1319.6,1320.1,29064
1786527480,1320.1,1320.1,1319.7,1319.7,19159
1786527540,1320.0,1320.2,1319.6,1320.1,84592
1786527600,1320.2,1320.5,1320.1,1320.3,50381
1786527660,1320.2,1320.7,1320.0,1320.3,25455
1786527720,1319.8,1320.4,1319.4,1320.3,127765
1786527780,1320.2,1320.3,1320.0,1320.2,29638
1786527840,1320.1,1320.5,1318.1,1320.5,78803
1786527900,1320.5,1320.5,1320.5,1320.5,1
1786592700,1320.1,1323.1,1310.4,1313.3,221634
1786592760,1313.1,1315.3,1311.9,1313.5,72852
1786592820,1313.4,1314.8,1313.0,1314.7,83876
1786592880,1315.0,1315.5,1314.2,1314.6,18820
1786592940,1314.9,1315.4,1314.0,1315.4,22289
1786593000,1315.0,1315.3,1314.4,1314.7,15614
1786593060,1314.7,1315.3,1314.1,1314.1,20782
1786593120,1313.9,1315.0,1313.4,1314.6,27961
1786593180,1314.8,1315.0,1313.1,1313.9,29852
1786593240,1313.0,1313.3,1312.4,1313.0,24046
1786593300,1312.2,1312.4,1311.3,1311.8,50109
1786593360,1311.6,1311.7,1310.2,1310.5,65373
1786593420,1310.2,1310.9,1310.2,1310.8,20633
1786593480,1310.5,1310.8,1310.0,1310.3,30452
1786593540,1310.2,1311.3,1310.2,1311.1,28776
1786593600,1311.3,1311.3,1307.2,1307.5,176126
1786593660,1308.0,1309.6,1307.4,1309.5,25511
1786593720,1309.5,1309.8,1309.1,1309.8,22404
1786593780,1310.5,1311.0,1310.5,1310.7,12991
1786593840,1310.4,1310.6,1310.0,1310.6,21774
1786593900,1310.7,1310.7,1310.3,1310.5,10782
1786593960,1310.4,1310.6,1310.4,1310.5,14175
1786594020,1310.8,1311.0,1310.5,1311.0,16366
1786594080,1310.6,1311.3,1310.6,1311.3,23961
1786594140,1311.7,1312.0,1311.3,1311.9,26673
1786594200,1312.0,1312.3,1311.8,1312.3,29363
1786594260,1312.3,1312.7,1312.0,1312.0,26282
1786594320,1312.1,1312.1,1311.0,1311.3,26061
1786594380,1311.3,1313.1,1311.1,1312.8,21071
1786594440,1312.9,1313.0,1312.5,1312.6,10074
1786594500,1312.6,1312.7,1312.2,1312.5,7585
1786594560,1312.4,1312.8,1312.4,1312.7,11272
1786594620,1313.0,1313.3,1312.9,1313.3,20620
1786594680,1313.3,1314.5,1313.3,1314.3,28210
1786594740,1314.2,1315.0,1314.2,1314.5,18375
1786594800,1314.7,1315.0,1314.1,1314.1,10613
1786594860,1314.0,1314.6,1314.0,1314.6,13860
1786594920,1314.5,1314.6,1313.4,1313.7,6016
1786594980,1313.2,1314.3,1313.1,1314.0,10148
1786595040,1314.3,1314.5,1313.7,1314.4,8410
1786595100,1314.3,1314.3,1313.6,1313.6,5357
1786595160,1314.0,1314.2,1313.6,1314.1,9404
1786595220,1314.0,1314.0,1313.5,1313.5,9401
1786595280,1313.8,1314.3,1313.8,1314.0,11031
1786595340,1314.3,1314.5,1314.0,1314.5,7446
1786595400,1314.5,1314.5,1313.8,1314.0,9679
1786595460,1314.0,1314.2,1313.8,1314.2,10807
1786595520,1313.8,1314.1,1313.5,1313.5,5025
1786595580,1313.5,1314.0,1313.3,1313.8,22213
1786595640,1313.7,1313.7,1313.2,1313.6,4098
1786595700,1313.6,1313.9,1313.1,1313.9,12538
1786595760,1313.9,1313.9,1313.4,1313.7,4865
1786595820,1313.7,1314.0,1313.4,1313.4,9920
1786595880,1314.0,1314.2,1313.6,1314.1,10125
1786595940,1314.2,1314.2,1313.2,1313.2,7987
1786596000,1313.5,1313.6,1313.0,1313.2,13034
1786596060,1313.2,1313.2,1312.5,1312.8,27429
1786596120,1312.4,1313.0,1312.4,1313.0,6991
1786596180,1312.9,1314.1,1312.9,1313.6,15951
1786596240,1313.6,1313.9,1313.1,1313.7,4386
1786596300,1313.7,1313.7,1313.1,1313.1,4906
1786596360,1313.6,1313.6,1313.1,1313.2,3675
1786596420,1313.3,1313.6,1313.0,1313.4,7330
1786596480,1313.3,1313.7,1313.3,1313.7,4352
1786596540,1313.8,1314.0,1313.2,1313.2,11294
1786596600,1313.4,1313.7,1313.2,1313.2,5712
1786596660,1313.5,1313.7,1313.5,1313.6,6697
1786596720,1313.4,1313.5,1313.4,1313.5,6467
1786596780,1313.5,1313.5,1312.8,1312.8,18348
1786596840,1313.2,1313.3,1312.6,1312.9,32081
1786596900,1313.1,1313.1,1312.0,1312.0,8535
1786596960,1312.1,1312.2,1311.6,1312.1,18578
1786597020,1312.1,1312.2,1311.0,1311.5,26601
1786597080,1311.5,1311.5,1311.0,1311.5,9891
1786597140,1311.5,1311.5,1311.1,1311.2,9167
1786597200,1311.0,1311.1,1310.6,1310.7,17223
1786597260,1311.0,1311.2,1310.7,1310.8,19111
1786597320,1311.1,1311.3,1310.8,1311.3,6503
1786597380,1311.2,1311.9,1310.9,1310.9,27320
1786597440,1310.8,1310.9,1310.5,1310.9,9531
1786597500,1310.9,1310.9,1310.5,1310.8,6337
1786597560,1310.7,1310.7,1310.5,1310.5,7677
1786597620,1310.6,1310.7,1310.2,1310.6,15921
1786597680,1310.6,1310.6,1310.3,1310.6,18149
1786597740,1310.6,1310.9,1310.3,1310.9,11511
1786597800,1310.5,1311.1,1310.5,1310.8,6613
1786597860,1310.7,1311.2,1310.7,1310.9,10824
1786597920,1310.8,1310.9,1310.5,1310.8,14174
1786597980,1310.8,1310.8,1310.4,1310.6,15763
1786598040,1310.6,1311.3,1310.6,1311.3,20427
1786598100,1311.2,1311.3,1311.0,1311.3,11923
1786598160,1311.3,1311.5,1311.3,1311.5,13951
1786598220,1311.4,1311.8,1311.3,1311.7,9826
1786598280,1312.1,1313.3,1312.1,1312.9,32319
1786598340,1312.9,1313.2,1312.7,1313.1,11003
1786598400,1313.0,1313.1,1312.7,1313.1,14645
1786598460,1313.1,1313.2,1313.1,1313.1,9724
1786598520,1312.7,1313.2,1312.7,1313.2,15458
1786598580,1312.6,1313.2,1312.6,1313.2,11456
1786598640,1313.1,1313.2,1313.0,1313.2,9316
1786598700,1313.2,1313.2,1313.0,1313.1,12336
1786598760,1313.0,1313.0,1312.4,1313.0,15429
1786598820,1312.8,1313.0,1312.3,1312.6,8491
1786598880,1312.5,1312.6,1311.1,1311.3,73375
1786598940,1311.1,1312.5,1311.1,1312.1,29371
1786599000,1312.0,1312.3,1311.1,1311.2,22930
1786599060,1311.2,1311.3,1311.0,1311.1,40578
1786599120,1311.2,1311.3,1311.1,1311.3,8502
1786599180,1311.3,1311.3,1311.1,1311.3,15354
1786599240,1311.3,1311.4,1311.2,1311.2,6661
1786599300,1311.1,1311.2,1311.1,1311.2,10921
1786599360,1311.2,1311.2,1310.8,1310.8,40200
1786599420,1311.0,1311.0,1310.8,1310.8,11078
1786599480,1311.7,1312.3,1311.2,1312.0,13729
1786599540,1312.0,1312.1,1311.8,1312.0,3255
1786599600,1312.1,1312.2,1312.0,1312.2,5590
1786599660,1312.2,1312.2,1312.0,1312.2,4024
1786599720,1312.2,1312.2,1311.6,1311.6,7945
1786599780,1311.5,1311.5,1311.0,1311.1,8633
1786599840,1311.1,1311.1,1310.8,1311.1,13657
1786599900,1311.2,1312.2,1311.2,1311.7,7037
1786599960,1312.2,1312.5,1311.5,1311.5,7901
1786600020,1311.9,1312.0,1311.6,1311.6,2827
1786600080,1311.8,1311.8,1311.4,1311.6,4687
1786600140,1311.6,1312.1,1311.6,1312.1,7261
1786600200,1312.0,1312.1,1312.0,1312.1,4071
1786600260,1312.0,1312.0,1311.2,1311.2,7526
1786600320,1311.5,1312.0,1311.0,1311.6,16271
1786600380,1311.7,1311.8,1311.0,1311.0,18231
1786600440,1311.4,1311.4,1310.8,1310.9,19646
1786600500,1310.8,1311.6,1310.8,1311.1,13795
1786600560,1310.9,1311.1,1310.8,1310.8,9647
1786600620,1310.9,1310.9,1310.8,1310.9,6285
1786600680,1310.8,1310.9,1310.8,1310.8,18431
1786600740,1310.8,1310.9,1310.8,1310.8,13124
1786600800,1310.8,1310.8,1309.2,1309.9,91741
1786600860,1309.8,1309.8,1309.3,1309.5,7507
1786600920,1309.4,1309.5,1308.7,1308.8,25878
1786600980,1309.1,1309.1,1308.7,1309.1,13202
1786601040,1309.1,1309.2,1309.0,1309.0,21166
1786601100,1309.2,1309.4,1309.0,1309.3,13956
1786601160,1309.4,1309.4,1309.0,1309.3,12370
1786601220,1309.3,1309.3,1309.2,1309.2,5212
1786601280,1309.3,1309.3,1309.2,1309.2,7872
1786601340,1309.3,1309.3,1309.2,1309.3,5697
1786601400,1309.2,1309.3,1309.2,1309.3,14846
1786601460,1309.3,1309.3,1309.0,1309.1,17654
1786601520,1309.0,1309.3,1309.0,1309.3,9222
1786601580,1309.2,1309.4,1309.1,1309.4,9789
1786601640,1309.4,1309.4,1309.2,1309.3,6141
1786601700,1309.2,1309.3,1309.2,1309.2,8370
1786601760,1309.3,1309.3,1309.1,1309.2,8710
1786601820,1309.1,1309.3,1309.1,1309.1,6033
1786601880,1309.1,1309.4,1309.0,1309.1,46145
1786601940,1309.2,1310.0,1309.1,1309.9,15630
1786602000,1309.9,1310.1,1309.7,1310.0,8955
1786602060,1310.1,1310.1,1309.8,1310.1,16073
1786602120,1310.1,1310.7,1309.8,1310.1,16764
1786602180,1310.6,1310.8,1310.1,1310.4,8593
1786602240,1310.6,1310.6,1310.3,1310.3,7577
1786602300,1310.4,1310.5,1310.3,1310.3,6138
1786602360,1310.5,1311.9,1310.4,1311.3,34108
1786602420,1311.5,1313.0,1311.2,1312.3,26296
1786602480,1312.4,1313.0,1312.3,1312.6,10099
1786602540,1312.7,1312.9,1312.6,1312.8,12690
1786602600,1312.9,1315.0,1312.9,1315.0,42568
1786602660,1314.8,1315.0,1314.4,1314.8,22652
1786602720,1315.9,1315.9,1315.1,1315.4,46604
1786602780,1315.6,1315.6,1315.1,1315.5,6293
1786602840,1315.5,1315.5,1315.0,1315.0,13313
1786602900,1315.3,1315.3,1315.0,1315.0,15569
1786602960,1315.1,1315.1,1314.7,1315.1,12740
1786603020,1315.1,1315.1,1313.8,1314.0,50739
1786603080,1314.0,1314.0,1313.6,1313.8,8935
1786603140,1313.8,1313.8,1313.5,1313.5,5580
1786603200,1313.6,1314.2,1313.6,1314.2,24647
1786603260,1314.2,1314.3,1313.8,1314.1,19250
1786603320,1314.2,1314.2,1313.8,1313.9,4948
1786603380,1313.9,1314.2,1313.8,1314.2,13838
1786603440,1314.4,1314.5,1314.2,1314.2,23203
1786603500,1314.2,1314.4,1314.2,1314.2,12950
1786603560,1314.2,1314.3,1314.0,1314.0,10322
1786603620,1314.1,1314.2,1313.8,1313.8,27267
1786603680,1313.7,1314.1,1313.7,1314.1,10778
1786603740,1314.2,1314.3,1314.1,1314.3,4535
1786603800,1314.2,1314.4,1314.2,1314.2,10852
1786603860,1314.2,1314.3,1314.2,1314.3,3077
1786603920,1314.2,1314.3,1314.0,1314.0,8897
1786603980,1314.0,1314.2,1314.0,1314.2,32944
1786604040,1314.1,1314.2,1314.1,1314.2,4746
1786604100,1314.2,1314.2,1314.1,1314.2,4491
1786604160,1314.1,1314.2,1313.8,1314.1,22490
1786604220,1314.2,1314.2,1313.8,1314.1,13546
1786604280,1314.1,1314.2,1313.7,1313.7,20298
1786604340,1313.7,1313.8,1313.2,1313.4,13958
1786604400,1313.4,1313.9,1313.4,1313.7,7296
1786604460,1313.7,1313.8,1313.5,1313.6,7422
1786604520,1313.6,1313.8,1313.5,1313.6,10440
1786604580,1313.7,1314.0,1313.6,1313.6,26258
1786604640,1313.7,1314.4,1313.7,1314.4,9983
1786604700,1314.5,1314.8,1314.3,1314.8,25446
1786604760,1314.8,1315.0,1314.2,1314.2,27310
1786604820,1314.5,1314.5,1314.0,1314.5,23212
1786604880,1314.4,1314.5,1313.6,1314.0,22055
1786604940,1314.0,1314.1,1314.0,1314.0,6760
1786605000,1314.2,1315.1,1314.2,1315.1,21521
1786605060,1315.1,1315.1,1314.9,1315.0,8158
1786605120,1315.1,1315.1,1315.0,1315.1,9017
1786605180,1315.0,1315.0,1314.1,1314.1,7696
1786605240,1314.3,1314.6,1314.0,1314.3,10991
1786605300,1314.2,1314.8,1314.2,1314.3,13042
1786605360,1314.7,1314.7,1314.0,1314.0,13042
1786605420,1314.1,1314.1,1313.6,1314.1,47025
1786605480,1314.4,1315.1,1314.4,1315.1,58803
1786605540,1315.0,1315.1,1314.3,1314.3,8077
1786605600,1314.2,1314.2,1313.7,1314.1,19393
1786605660,1314.1,1314.4,1313.4,1313.9,34055
1786605720,1314.0,1314.4,1313.9,1314.0,32618
1786605780,1314.3,1314.4,1313.4,1313.6,56591
1786605840,1313.6,1315.3,1313.0,1314.9,163804
1786605900,1314.8,1314.9,1314.2,1314.2,4983
1786605960,1314.4,1314.4,1314.0,1314.0,4638
1786606020,1314.0,1314.1,1313.5,1313.5,29767
1786606080,1314.0,1314.0,1313.3,1313.5,9828
1786606140,1313.7,1314.6,1313.3,1314.6,23622
1786606200,1314.9,1315.1,1314.3,1315.0,51317
1786606260,1315.0,1315.5,1315.0,1315.1,45255
1786606320,1315.4,1316.0,1315.4,1315.7,29219
1786606380,1315.9,1316.0,1315.4,1315.6,14220
1786606440,1315.4,1315.6,1315.1,1315.1,5926
1786606500,1315.2,1315.2,1315.1,1315.2,9788
1786606560,1315.2,1315.7,1315.1,1315.7,39156
1786606620,1315.5,1315.5,1315.2,1315.4,13291
1786606680,1315.5,1315.7,1315.3,1315.4,22823
1786606740,1315.8,1316.3,1315.8,1316.1,74658
1786606800,1316.0,1316.7,1315.3,1316.1,53397
1786606860,1316.1,1316.2,1315.3,1315.5,33195
1786606920,1315.9,1316.1,1313.6,1313.8,50213
1786606980,1313.8,1314.2,1312.5,1312.9,109934
1786607040,1312.9,1313.5,1312.5,1313.2,22057
1786607100,1313.7,1313.7,1312.2,1312.2,32645
1786607160,1312.8,1312.8,1312.0,1312.1,24399
1786607220,1312.5,1315.1,1312.1,1314.4,222719
1786607280,1314.4,1314.4,1312.7,1312.7,26268
1786607340,1312.7,1312.9,1311.8,1312.9,61284
1786607400,1312.7,1312.9,1312.7,1312.7,21461
1786607460,1312.7,1313.5,1312.7,1313.0,20632
1786607520,1313.1,1313.3,1312.7,1313.0,16992
1786607580,1312.7,1312.7,1311.6,1311.6,13869
1786607640,1311.6,1312.0,1311.6,1311.7,11191
1786607700,1311.6,1311.6,1311.1,1311.3,9795
1786607760,1311.1,1312.8,1311.1,1312.8,16419
1786607820,1312.6,1312.9,1312.5,1312.6,5017
1786607880,1312.5,1312.9,1312.5,1312.9,9778
1786607940,1313.2,1313.2,1312.9,1312.9,2938
1786608000,1313.2,1313.2,1312.5,1312.5,4205
1786608060,1312.5,1313.4,1312.2,1313.1,29541
1786608120,1313.2,1313.5,1313.0,1313.5,29078
1786608180,1313.5,1313.9,1313.5,1313.5,16413
1786608240,1313.7,1313.7,1313.5,1313.6,30843
1786608300,1313.5,1314.3,1313.5,1314.0,105938
1786608360,1314.1,1314.9,1314.1,1314.5,9558
1786608420,1314.8,1314.8,1313.8,1314.2,18448
1786608480,1314.5,1315.2,1313.8,1315.0,18283
1786608540,1315.0,1315.2,1314.8,1314.9,5980
1786608600,1315.0,1315.4,1315.0,1315.1,14413
1786608660,1314.8,1315.0,1314.5,1314.6,14365
1786608720,1315.0,1315.0,1314.6,1314.8,9694
1786608780,1314.8,1315.1,1314.8,1315.1,13539
1786608840,1315.2,1315.7,1315.2,1315.7,25277
1786608900,1315.7,1315.7,1315.2,1315.2,5372
1786608960,1315.2,1315.3,1314.9,1315.1,4723
1786609020,1315.1,1316.5,1315.0,1316.5,121264
1786609080,1316.5,1316.5,1314.7,1315.0,126901
1786609140,1315.0,1315.4,1314.5,1314.9,117821
1786609200,1314.9,1315.5,1314.6,1315.0,37009
1786609260,1315.0,1315.5,1315.0,1315.4,10841
1786609320,1315.0,1315.4,1315.0,1315.4,2721
1786609380,1315.4,1315.4,1315.0,1315.2,5203
1786609440,1315.2,1315.6,1315.0,1315.6,53036
1786609500,1315.8,1315.9,1315.0,1315.6,45735
1786609560,1315.6,1316.3,1315.0,1315.4,17713
1786609620,1315.2,1315.4,1314.5,1314.5,70483
1786609680,1314.5,1314.8,1314.5,1314.7,30162
1786609740,1315.2,1315.7,1314.8,1315.4,17703
1786609800,1315.6,1315.6,1314.5,1314.5,54536
1786609860,1314.5,1314.7,1314.5,1314.5,6125
1786609920,1314.6,1314.6,1313.5,1313.6,20408
1786609980,1313.6,1314.1,1313.6,1313.8,14615
1786610040,1314.1,1314.2,1313.6,1313.8,12048
1786610100,1314.3,1314.3,1313.6,1313.7,8857
1786610160,1314.0,1314.1,1313.6,1314.0,6302
1786610220,1314.1,1314.1,1314.0,1314.1,6003
1786610280,1314.0,1314.0,1312.5,1312.5,36857
1786610340,1312.5,1312.7,1312.5,1312.6,5785
1786610400,1312.7,1313.1,1312.6,1313.0,9289
1786610460,1313.0,1313.1,1313.0,1313.0,12616
1786610520,1313.0,1313.1,1312.8,1313.0,14565
1786610580,1313.0,1313.1,1313.0,1313.0,8215
1786610640,1313.0,1313.1,1313.0,1313.0,6925
1786610700,1313.0,1313.0,1313.0,1313.0,7691
1786610760,1313.1,1313.1,1313.0,1313.0,11539
1786610820,1313.1,1313.1,1313.0,1313.0,6223
1786610880,1313.0,1313.1,1313.0,1313.1,48660
1786610940,1313.1,1314.4,1313.1,1314.0,48495
1786611000,1314.3,1315.4,1314.1,1314.7,26097
1786611060,1315.0,1315.5,1314.7,1315.2,14401
1786611120,1315.2,1315.7,1315.2,1315.5,4884
1786611180,1315.3,1315.4,1314.8,1315.4,7387
1786611240,1315.4,1315.7,1314.9,1315.0,22962
1786611300,1315.0,1315.8,1315.0,1315.1,14763
1786611360,1315.1,1315.6,1314.7,1314.9,18600
1786611420,1315.0,1315.4,1314.9,1314.9,7550
1786611480,1315.0,1315.5,1314.6,1315.3,20765
1786611540,1315.3,1315.7,1315.2,1315.6,61176
1786611600,1315.7,1316.4,1315.3,1315.3,118160
1786611660,1315.3,1315.6,1315.0,1315.0,16308
1786611720,1315.5,1315.5,1314.6,1314.7,21246
1786611780,1315.0,1315.0,1314.1,1314.2,20137
1786611840,1314.2,1314.6,1314.1,1314.1,9003
1786611900,1314.1,1314.6,1314.1,1314.1,11502
1786611960,1314.4,1314.4,1314.0,1314.3,32274
1786612020,1314.0,1314.8,1314.0,1314.2,16501
1786612080,1314.3,1314.4,1314.0,1314.1,7019
1786612140,1314.4,1314.6,1314.1,1314.2,10712
1786612200,1314.2,1315.0,1314.2,1314.5,21242
1786612260,1314.9,1315.3,1314.9,1315.2,10324
1786612320,1315.2,1315.3,1315.0,1315.0,5945
1786612380,1315.0,1315.3,1315.0,1315.3,37687
1786612440,1315.4,1315.9,1315.0,1315.3,40524
1786612500,1315.7,1315.7,1315.0,1315.0,29346
1786612560,1315.0,1315.3,1315.0,1315.3,15787
1786612620,1315.3,1315.3,1315.0,1315.0,74413
1786612680,1315.3,1315.6,1315.0,1315.1,12775
1786612740,1315.0,1315.1,1314.6,1314.6,87293
1786612800,1314.8,1315.4,1314.8,1315.1,52314
1786612860,1314.9,1315.5,1314.7,1315.5,31611
1786612920,1315.5,1315.6,1314.8,1314.8,35438
1786612980,1314.8,1315.1,1314.5,1315.0,14178
1786613040,1315.0,1315.1,1314.2,1314.6,31524
1786613100,1314.6,1314.8,1314.2,1314.3,20295
1786613160,1314.3,1314.4,1314.0,1314.0,19530
1786613220,1314.0,1314.0,1313.8,1313.8,36202
1786613280,1314.3,1314.6,1313.0,1313.1,147511
1786613340,1313.4,1313.7,1312.8,1313.5,15111
1786613400,1313.7,1313.9,1313.3,1313.3,31958
1786613460,1313.8,1313.8,1313.2,1313.6,37220
1786613520,1313.5,1313.9,1313.5,1313.8,45782
1786613580,1313.8,1314.7,1313.6,1314.3,83425
1786613640,1314.2,1315.0,1313.8,1314.1,95075
1786613700,1314.4,1314.4,1311.8,1311.9,103427
1786613760,1311.9,1312.0,1311.3,1311.5,44297
1786613820,1311.4,1312.3,1311.2,1312.3,46025
1786613880,1312.3,1312.8,1311.3,1311.8,75252
1786613940,1312.0,1312.9,1311.6,1312.5,38675
1786614000,1312.6,1314.5,1312.6,1314.5,104237
1786614060,1314.3,1314.5,1313.0,1313.1,40438
1786614120,1313.1,1314.0,1312.2,1312.3,91450
1786614180,1313.3,1314.4,1313.0,1314.1,29966
1786614240,1314.0,1314.2,1313.1,1313.6,18470
1786614300,1314.3,1314.3,1314.3,1314.3,2793
1786679100,1317.5,1317.5,1308.7,1310.5,261771
1786679160,1310.4,1311.2,1309.2,1311.2,46505
1786679220,1311.2,1311.2,1310.5,1310.5,14648
1786679280,1310.5,1311.0,1310.1,1310.6,19733
1786679340,1310.5,1311.0,1310.1,1310.1,11218
1786679400,1310.1,1310.5,1310.1,1310.4,15530
1786679460,1310.2,1310.5,1309.7,1310.2,28107
1786679520,1309.3,1309.9,1309.2,1309.2,10892
1786679580,1309.1,1309.1,1308.0,1309.0,91667
1786679640,1308.9,1309.6,1308.8,1309.1,12700
1786679700,1309.1,1309.2,1308.0,1308.2,25987
1786679760,1307.5,1308.0,1307.2,1308.0,67153
1786679820,1307.8,1308.0,1307.5,1307.9,13960
1786679880,1308.1,1308.7,1308.1,1308.5,16396
1786679940,1308.2,1308.9,1308.0,1308.9,22298
1786680000,1308.7,1309.0,1308.6,1308.8,21127
1786680060,1308.6,1309.1,1308.2,1309.1,25583
1786680120,1309.0,1309.3,1308.7,1309.2,28572
1786680180,1309.3,1309.9,1309.2,1309.9,11743
1786680240,1309.9,1310.3,1309.3,1309.7,43539
1786680300,1309.7,1309.9,1309.6,1309.8,13566
